SecondBedroom-12902,train
Bedroom-43442,train
MasterBedroom-232,train
MasterBedroom-2827,train
Bedroom-2165,train
SecondBedroom-439,train
SecondBedroom-242180,train
SecondBedroom-45042,train
MasterBedroom-18220,train
Bedroom-8044,train
SecondBedroom-26340,train
Bedroom-2914,train
SecondBedroom-1417,train
Bedroom-71694,train
Bedroom-2324,train
SecondBedroom-913,train
SecondBedroom-258,train
Bedroom-634,train
SecondBedroom-555,train
SecondBedroom-15823,train
SecondBedroom-16823,train
SecondBedroom-42606,train
SecondBedroom-22166,train
Bedroom-69416,train
SecondBedroom-33375,train
Bedroom-38270,train
Bedroom-119686,train
Bedroom-9169,train
MasterBedroom-17609,train
SecondBedroom-26731,train
SecondBedroom-140603,train
SecondBedroom-7694,train
MasterBedroom-1966,train
MasterBedroom-70575,train
SecondBedroom-2540,train
SecondBedroom-16748,train
MasterBedroom-11265,train
MasterBedroom-11106,train
Bedroom-34195,train
SecondBedroom-41206,train
MasterBedroom-534,train
MasterBedroom-23692,train
Bedroom-2210,train
Bedroom-8139,train
SecondBedroom-15077,train
Bedroom-1511,train
MasterBedroom-59200,train
Bedroom-94555,train
Bedroom-263,train
SecondBedroom-116544,train
SecondBedroom-20,train
Bedroom-15868,train
SecondBedroom-21866,train
MasterBedroom-1054,train
Bedroom-3535,train
SecondBedroom-390,train
MasterBedroom-8245,train
MasterBedroom-1860,train
MasterBedroom-29284,train
Bedroom-741,train
SecondBedroom-17698,train
MasterBedroom-45779,train
Bedroom-3521,train
Bedroom-1137,train
SecondBedroom-40147,train
MasterBedroom-7727,train
SecondBedroom-9272,train
MasterBedroom-237,train
Bedroom-236,train
Bedroom-35225,train
SecondBedroom-57811,train
SecondBedroom-12785,train
SecondBedroom-37857,train
Bedroom-2301,train
SecondBedroom-534911,train
MasterBedroom-46749,train
Bedroom-593,train
SecondBedroom-1152,train
Bedroom-212,train
MasterBedroom-6588,train
SecondBedroom-62784,train
SecondBedroom-278,train
MasterBedroom-26903,train
MasterBedroom-1244,train
MasterBedroom-8111,train
MasterBedroom-1762,train
MasterBedroom-1851,train
Bedroom-23685,train
SecondBedroom-152228,train
MasterBedroom-28862,train
SecondBedroom-35405,train
MasterBedroom-12307,train
SecondBedroom-13613,train
MasterBedroom-4390,train
SecondBedroom-10500,train
Bedroom-1843,train
MasterBedroom-3908,train
MasterBedroom-19957,train
MasterBedroom-11564,train
SecondBedroom-12618,train
MasterBedroom-2732,train
MasterBedroom-29595,train
SecondBedroom-16350,train
SecondBedroom-19717,train
Bedroom-28081,train
MasterBedroom-2433,train
SecondBedroom-5877,train
SecondBedroom-6751,train
SecondBedroom-1185,train
Bedroom-46161,train
SecondBedroom-26029,train
SecondBedroom-13488,train
SecondBedroom-34587,train
Bedroom-10367,train
SecondBedroom-9386,train
SecondBedroom-116295,train
Bedroom-28476,train
MasterBedroom-935,train
SecondBedroom-33125,train
Bedroom-97983,train
MasterBedroom-12131,train
SecondBedroom-5373,train
SecondBedroom-218799,train
SecondBedroom-5959,train
Bedroom-1778,train
Bedroom-7670,train
Bedroom-19071,train
SecondBedroom-4501,train
SecondBedroom-13995,train
SecondBedroom-51399,train
SecondBedroom-137783,train
SecondBedroom-116,train
SecondBedroom-42885,train
Bedroom-21085,train
SecondBedroom-9158,train
MasterBedroom-10045,train
MasterBedroom-2035,train
Bedroom-8481,train
MasterBedroom-5536,train
Bedroom-27059,train
SecondBedroom-43157,train
SecondBedroom-12073,train
SecondBedroom-35477,train
SecondBedroom-226,train
SecondBedroom-25837,train
MasterBedroom-22961,train
SecondBedroom-629,train
MasterBedroom-8348,train
Bedroom-1262,train
MasterBedroom-50625,train
SecondBedroom-211,train
SecondBedroom-1245,train
Bedroom-108970,train
MasterBedroom-63855,train
SecondBedroom-33865,train
MasterBedroom-7129,train
Bedroom-32536,train
Bedroom-1265,train
Bedroom-39186,train
MasterBedroom-7098,train
Bedroom-16110,train
MasterBedroom-52705,train
Bedroom-13209,train
SecondBedroom-29858,train
SecondBedroom-57298,train
Bedroom-33476,train
SecondBedroom-42887,train
Bedroom-18055,train
SecondBedroom-88841,train
BedRoom-8834,train
MasterBedroom-26153,train
MasterBedroom-40378,train
SecondBedroom-19482,train
Bedroom-59127,train
MasterBedroom-1352,train
Bedroom-11354,train
SecondBedroom-12920,train
SecondBedroom-1956,train
SecondBedroom-551,train
MasterBedroom-1225,train
SecondBedroom-879,train
MasterBedroom-627,train
Bedroom-20629,train
Bedroom-11582,train
MasterBedroom-1081,train
MasterBedroom-15321,train
SecondBedroom-26472,train
SecondBedroom-30632,train
SecondBedroom-10635,train
Bedroom-23192,train
MasterBedroom-8206,train
SecondBedroom-7799,train
MasterBedroom-45353,train
SecondBedroom-10321,train
SecondBedroom-22643,train
SecondBedroom-6616,train
MasterBedroom-23712,train
SecondBedroom-1427,train
SecondBedroom-3719,train
MasterBedroom-2036,train
SecondBedroom-9342,train
Bedroom-12495,train
Bedroom-5315,train
Bedroom-39542,train
SecondBedroom-10251,train
Bedroom-15114,train
SecondBedroom-270847,train
MasterBedroom-3445,train
BedRoom-282737,train
SecondBedroom-24774,train
Bedroom-29147,train
MasterBedroom-10501,train
Bedroom-44928,train
MasterBedroom-9702,train
Bedroom-25883,train
SecondBedroom-17265,train
SecondBedroom-8350,train
MasterBedroom-79215,train
SecondBedroom-11456,train
SecondBedroom-3805,train
MasterBedroom-8388,train
Bedroom-4700,train
MasterBedroom-1269,train
SecondBedroom-48379,train
SecondBedroom-20702,train
MasterBedroom-2618,train
MasterBedroom-15054,train
Bedroom-32206,train
SecondBedroom-16390,train
SecondBedroom-48703,train
SecondBedroom-25260,train
SecondBedroom-22098,train
Bedroom-214,train
Bedroom-4308,train
SecondBedroom-3382,train
SecondBedroom-10825,train
MasterBedroom-3128,train
SecondBedroom-12582,train
SecondBedroom-16477,train
MasterBedroom-505,train
SecondBedroom-76,train
Bedroom-1093,train
BedRoom-245706,train
Bedroom-2358,train
SecondBedroom-102,train
MasterBedroom-25619,train
BedRoom-134363,train
Bedroom-8507,train
MasterBedroom-4930,train
SecondBedroom-5349,train
MasterBedroom-282636,train
Bedroom-1833,train
SecondBedroom-101544,train
Bedroom-1005,train
MasterBedroom-1962,train
Bedroom-1965,train
MasterBedroom-18730,train
MasterBedroom-50863,train
Bedroom-51813,train
SecondBedroom-22431,train
SecondBedroom-5185,train
SecondBedroom-10142,train
Bedroom-20397,train
MasterBedroom-7635,train
MasterBedroom-1288,train
Bedroom-21295,train
MasterBedroom-29281,train
Bedroom-28019,train
SecondBedroom-1309,train
MasterBedroom-144,train
Bedroom-1486,train
MasterBedroom-6654,train
SecondBedroom-31012,train
Bedroom-55928,train
MasterBedroom-87369,train
Bedroom-26428,train
SecondBedroom-31355,train
Bedroom-4631,train
SecondBedroom-39528,train
MasterBedroom-2355,train
Bedroom-10080,train
SecondBedroom-60474,train
Bedroom-18,train
Bedroom-379,train
MasterBedroom-1550,train
MasterBedroom-23811,train
MasterBedroom-9614,train
Bedroom-1205,train
Bedroom-764,train
MasterBedroom-10518,train
MasterBedroom-3191,train
MasterBedroom-26003,train
SecondBedroom-15362,train
SecondBedroom-1763082,train
MasterBedroom-5760,train
Bedroom-66453,train
Bedroom-161064,train
Bedroom-75674,train
MasterBedroom-63341,train
Bedroom-10136,train
MasterBedroom-14201,train
Bedroom-63726,train
Bedroom-21632,train
SecondBedroom-1143,train
SecondBedroom-35832,train
MasterBedroom-71322,train
Bedroom-9552,train
MasterBedroom-11186,train
MasterBedroom-8726,train
Bedroom-20286,train
SecondBedroom-22593,train
MasterBedroom-1114,train
SecondBedroom-20065,train
MasterBedroom-221,train
Bedroom-48850,train
MasterBedroom-424,train
SecondBedroom-7317,train
Bedroom-3410,train
MasterBedroom-12485,train
Bedroom-301,train
MasterBedroom-9433,train
Bedroom-61862,train
SecondBedroom-1238,train
Bedroom-7142,train
SecondBedroom-30547,train
SecondBedroom-1544,train
SecondBedroom-15167,train
Bedroom-12734,train
Bedroom-12351,train
MasterBedroom-1069,train
SecondBedroom-12217,train
Bedroom-268,train
MasterBedroom-45873,train
SecondBedroom-2103,train
Bedroom-27213,train
SecondBedroom-1020,train
SecondBedroom-9038,train
SecondBedroom-9417,train
MasterBedroom-172369,train
MasterBedroom-12040,train
SecondBedroom-3496,train
Bedroom-14501,train
Bedroom-68902,train
SecondBedroom-25760,train
Bedroom-6637,train
MasterBedroom-25069,train
Bedroom-75240,train
MasterBedroom-17451,train
MasterBedroom-4105,train
MasterBedroom-81749,train
Bedroom-7835,train
SecondBedroom-14223,train
SecondBedroom-21233,train
Bedroom-27871,train
MasterBedroom-19310,train
SecondBedroom-63538,train
Bedroom-16276,train
SecondBedroom-19291,train
Bedroom-3241,train
MasterBedroom-1692,train
MasterBedroom-3822,train
MasterBedroom-952,train
Bedroom-13499,train
MasterBedroom-533,train
MasterBedroom-116808,train
MasterBedroom-40171,train
MasterBedroom-4683,train
SecondBedroom-2080,train
Bedroom-6019,train
SecondBedroom-4278,train
MasterBedroom-5591,train
SecondBedroom-1603,train
SecondBedroom-21363,train
SecondBedroom-32869,train
MasterBedroom-12942,train
MasterBedroom-3147,train
SecondBedroom-74434,train
SecondBedroom-127291,train
Bedroom-871,train
Bedroom-27048,train
SecondBedroom-46575,train
SecondBedroom-3970,train
Bedroom-4026,train
MasterBedroom-20881,train
MasterBedroom-13827,train
SecondBedroom-1955,train
MasterBedroom-1741,train
SecondBedroom-12980,train
Bedroom-44489,train
SecondBedroom-35698,train
MasterBedroom-742,train
MasterBedroom-319,train
Bedroom-16810,train
SecondBedroom-69136,train
SecondBedroom-7328,train
MasterBedroom-3712,train
SecondBedroom-22298,train
MasterBedroom-6281,train
MasterBedroom-21140,train
Bedroom-7588,train
SecondBedroom-30593,train
MasterBedroom-22072,train
MasterBedroom-20538,train
SecondBedroom-15120,train
MasterBedroom-31477,train
SecondBedroom-8785,train
SecondBedroom-33041,train
MasterBedroom-2171,train
Bedroom-285,train
Bedroom-23984,train
BedRoom-67721,train
SecondBedroom-13577,train
MasterBedroom-11778,train
MasterBedroom-78759,train
MasterBedroom-9823,train
MasterBedroom-60951,train
SecondBedroom-70961,train
MasterBedroom-40083,train
SecondBedroom-222181,train
MasterBedroom-35172,train
SecondBedroom-372,train
SecondBedroom-12402,train
Bedroom-25921,train
MasterBedroom-3684,train
Bedroom-5673,train
MasterBedroom-8341,train
MasterBedroom-2514,train
MasterBedroom-17413,train
MasterBedroom-24714,train
MasterBedroom-4461,train
Bedroom-3435,train
SecondBedroom-17793,train
SecondBedroom-24115,train
Bedroom-46918,train
Bedroom-411,train
SecondBedroom-16156,train
Bedroom-740,train
SecondBedroom-2311,train
BedRoom-89114,train
Bedroom-15398,train
SecondBedroom-4901,train
SecondBedroom-14359,train
SecondBedroom-12633,train
Bedroom-97,train
MasterBedroom-20448,train
Bedroom-539,train
SecondBedroom-1901,train
SecondBedroom-3517,train
SecondBedroom-22968,train
SecondBedroom-22,train
Bedroom-51521,train
SecondBedroom-71864,train
MasterBedroom-890,train
MasterBedroom-67961,train
Bedroom-1277,train
MasterBedroom-35145,train
SecondBedroom-40509,train
MasterBedroom-994,train
MasterBedroom-31419,train
MasterBedroom-8978,train
Bedroom-207892,train
SecondBedroom-16763,train
Bedroom-2636,train
SecondBedroom-39915,train
Bedroom-38944,train
MasterBedroom-6635,train
SecondBedroom-16034,train
MasterBedroom-125741,train
MasterBedroom-22106,train
SecondBedroom-7359,train
MasterBedroom-9574,train
Bedroom-140603,train
MasterBedroom-271170,train
SecondBedroom-1037,train
SecondBedroom-20466,train
Bedroom-422,train
SecondBedroom-14527,train
Bedroom-168,train
BedRoom-24077,train
BedRoom-78013,train
MasterBedroom-107126,train
Bedroom-241,train
MasterBedroom-2723,train
SecondBedroom-28196,train
MasterBedroom-820,train
Bedroom-32115,train
MasterBedroom-17461,train
MasterBedroom-8404,train
SecondBedroom-2658,train
SecondBedroom-1251,train
MasterBedroom-21579,train
SecondBedroom-27243,train
MasterBedroom-88093,train
MasterBedroom-5468,train
MasterBedroom-1709,train
Bedroom-3743,train
Bedroom-75355,train
MasterBedroom-20450,train
SecondBedroom-3914,train
Bedroom-46399,train
MasterBedroom-18415,train
Bedroom-32287,train
MasterBedroom-1624,train
SecondBedroom-31363,train
MasterBedroom-15007,train
SecondBedroom-67719,train
Bedroom-54233,train
Bedroom-151327,train
Bedroom-67985,train
Bedroom-211817,train
MasterBedroom-26181,train
MasterBedroom-1150,train
MasterBedroom-30460,train
MasterBedroom-55695,train
MasterBedroom-42336,train
MasterBedroom-50875,train
SecondBedroom-58732,train
Bedroom-31405,train
SecondBedroom-1255,train
Bedroom-2187,train
Bedroom-11819,train
MasterBedroom-13238,train
Bedroom-388,train
MasterBedroom-1056,train
Bedroom-3375,train
MasterBedroom-9141,train
MasterBedroom-68509,train
SecondBedroom-17616,train
MasterBedroom-7042,train
MasterBedroom-13511,train
SecondBedroom-52351,train
Bedroom-5573,train
SecondBedroom-594,train
SecondBedroom-11136,train
MasterBedroom-21582,train
MasterBedroom-15019,train
Bedroom-31435,train
Bedroom-22290,train
MasterBedroom-2343,train
Bedroom-91160,train
MasterBedroom-71933,train
MasterBedroom-454,train
Bedroom-3336,train
SecondBedroom-1891,train
SecondBedroom-15092,train
Bedroom-8446,train
Bedroom-86824,train
Bedroom-5758,train
Bedroom-35900,train
Bedroom-252,train
MasterBedroom-8547,train
SecondBedroom-2330,train
SecondBedroom-22933,train
MasterBedroom-20548,train
MasterBedroom-14958,train
SecondBedroom-54345,train
SecondBedroom-208237,train
Bedroom-5215,train
SecondBedroom-14044,train
MasterBedroom-28078,train
Bedroom-17813,train
Bedroom-6521,train
MasterBedroom-5719,train
MasterBedroom-8979,train
SecondBedroom-164083,train
SecondBedroom-25309,train
Bedroom-208700,train
SecondBedroom-1403,train
Bedroom-100768,train
MasterBedroom-7854,train
SecondBedroom-40617,train
Bedroom-24002,train
SecondBedroom-61396,train
MasterBedroom-224,train
MasterBedroom-8645,train
SecondBedroom-6105,train
MasterBedroom-32109,train
SecondBedroom-9463,train
SecondBedroom-73426,train
Bedroom-39312,train
SecondBedroom-6070,train
MasterBedroom-28940,train
Bedroom-1127,train
Bedroom-219,train
Bedroom-23724,train
MasterBedroom-10075,train
Bedroom-9426,train
MasterBedroom-8284,train
Bedroom-275,train
MasterBedroom-45563,train
SecondBedroom-5887,train
MasterBedroom-10670,train
SecondBedroom-73206,train
Bedroom-495,train
MasterBedroom-116419,train
SecondBedroom-15797,train
Bedroom-3587,train
Bedroom-23859,train
MasterBedroom-17957,train
SecondBedroom-49931,train
SecondBedroom-3777,train
MasterBedroom-1154,train
SecondBedroom-59226,train
SecondBedroom-12268,train
MasterBedroom-7113,train
Bedroom-1215,train
SecondBedroom-90826,train
MasterBedroom-1857,train
SecondBedroom-6685,train
MasterBedroom-2458,train
MasterBedroom-13916,train
MasterBedroom-53935,train
Bedroom-16148,train
MasterBedroom-19148,train
MasterBedroom-25765,train
MasterBedroom-12805,train
SecondBedroom-585,train
BedRoom-278324,train
MasterBedroom-20944,train
SecondBedroom-697,train
SecondBedroom-19046,train
MasterBedroom-25891,train
MasterBedroom-14433,train
SecondBedroom-32971,train
MasterBedroom-537,train
MasterBedroom-468,train
MasterBedroom-22459,train
Bedroom-1621,train
Bedroom-563,train
SecondBedroom-7697,train
MasterBedroom-18875,train
MasterBedroom-29842,train
Bedroom-21752,train
SecondBedroom-15040,train
Bedroom-186,train
Bedroom-23794,train
SecondBedroom-20253,train
MasterBedroom-10862,train
SecondBedroom-34825,train
Bedroom-451,train
MasterBedroom-15926,train
MasterBedroom-1096,train
MasterBedroom-12402,train
SecondBedroom-42647,train
Bedroom-7489,train
MasterBedroom-57920,train
SecondBedroom-58234,train
Bedroom-6105,train
SecondBedroom-32722,train
SecondBedroom-121535,train
SecondBedroom-16777,train
MasterBedroom-62978,train
SecondBedroom-8018,train
Bedroom-88273,train
SecondBedroom-6511,train
Bedroom-507,train
MasterBedroom-64778,train
Bedroom-15473,train
Bedroom-15797,train
MasterBedroom-57384,train
SecondBedroom-16892,train
Bedroom-46540,train
MasterBedroom-32146,train
SecondBedroom-76069,train
MasterBedroom-1629,train
Bedroom-17608,train
MasterBedroom-109561,train
Bedroom-83832,train
MasterBedroom-50612,train
MasterBedroom-97178,train
MasterBedroom-25272,train
SecondBedroom-2072,train
MasterBedroom-22424,train
Bedroom-14389,train
SecondBedroom-12680,train
Bedroom-9314,train
MasterBedroom-14581,train
MasterBedroom-2605,train
Bedroom-13487,train
SecondBedroom-131661,train
MasterBedroom-14075,train
Bedroom-83360,train
Bedroom-208237,train
Bedroom-3652,train
SecondBedroom-8463,train
MasterBedroom-241,train
MasterBedroom-3151,train
MasterBedroom-246,train
MasterBedroom-24604,train
SecondBedroom-82189,train
SecondBedroom-30536,train
MasterBedroom-67062,train
Bedroom-233,train
SecondBedroom-1279,train
Bedroom-16514,train
SecondBedroom-36408,train
SecondBedroom-57261,train
MasterBedroom-1303,train
Bedroom-2042,train
SecondBedroom-33218,train
MasterBedroom-39274,train
SecondBedroom-313,train
Bedroom-10537,train
MasterBedroom-3124,train
SecondBedroom-2827,train
MasterBedroom-13291,train
MasterBedroom-1071,train
Bedroom-2092,train
MasterBedroom-352,train
MasterBedroom-54086,train
Bedroom-4098,train
SecondBedroom-426,train
Bedroom-2604,train
Bedroom-357,train
Bedroom-401,train
MasterBedroom-35288,train
Bedroom-8158,train
SecondBedroom-27136,train
SecondBedroom-2472,train
SecondBedroom-155750,train
Bedroom-19303,train
Bedroom-4544,train
Bedroom-2459,train
MasterBedroom-11523,train
Bedroom-37589,train
MasterBedroom-244,train
SecondBedroom-66284,train
MasterBedroom-38741,train
SecondBedroom-62375,train
Bedroom-251,train
MasterBedroom-13813,train
MasterBedroom-37354,train
MasterBedroom-10939,train
Bedroom-1680,train
MasterBedroom-13144,train
MasterBedroom-14382,train
SecondBedroom-425,train
SecondBedroom-25927,train
Bedroom-1475,train
SecondBedroom-65077,train
SecondBedroom-2470,train
MasterBedroom-4830,train
Bedroom-3057,train
Bedroom-1989,train
SecondBedroom-6146,train
MasterBedroom-4588,train
SecondBedroom-58083,train
SecondBedroom-18352,train
SecondBedroom-8094,train
MasterBedroom-2153,train
MasterBedroom-365,train
MasterBedroom-31997,train
MasterBedroom-48291,train
SecondBedroom-81865,train
MasterBedroom-28629,train
Bedroom-56238,train
SecondBedroom-15743,train
Bedroom-14,train
Bedroom-4843,train
MasterBedroom-3786,train
SecondBedroom-76429,train
MasterBedroom-54784,train
Bedroom-17442,train
SecondBedroom-12046,train
SecondBedroom-10895,train
MasterBedroom-39028,train
MasterBedroom-15661,train
Bedroom-1070,train
MasterBedroom-836,train
MasterBedroom-35892,train
SecondBedroom-34979,train
SecondBedroom-10153,train
MasterBedroom-78127,train
SecondBedroom-25444,train
Bedroom-1440,train
Bedroom-35152,train
SecondBedroom-7774,train
Bedroom-1033,train
MasterBedroom-6656,train
SecondBedroom-78718,train
MasterBedroom-45472,train
MasterBedroom-270353,train
MasterBedroom-142285,train
SecondBedroom-19232,train
MasterBedroom-10688,train
Bedroom-1411,train
MasterBedroom-42928,train
SecondBedroom-100695,train
Bedroom-323257,train
Bedroom-10043,train
MasterBedroom-74389,train
MasterBedroom-7393,train
SecondBedroom-28761,train
Bedroom-12490,train
SecondBedroom-1167,train
Bedroom-167264,train
MasterBedroom-13001,train
SecondBedroom-2787,train
SecondBedroom-6278,train
MasterBedroom-1409,train
SecondBedroom-41025,train
Bedroom-8397,train
MasterBedroom-22008,train
BedRoom-61784,train
MasterBedroom-34041,train
SecondBedroom-8304,train
SecondBedroom-45271,train
MasterBedroom-41983,train
Bedroom-719,train
Bedroom-1971,train
Bedroom-2872,train
SecondBedroom-30951,train
MasterBedroom-8605,train
SecondBedroom-13211,train
SecondBedroom-505,train
Bedroom-115907,train
MasterBedroom-54208,train
MasterBedroom-4225,train
Bedroom-4584,train
SecondBedroom-6754,train
MasterBedroom-10895,train
Bedroom-9508,train
SecondBedroom-373,train
Bedroom-131,train
MasterBedroom-12682,train
Bedroom-14072,train
Bedroom-33100,train
SecondBedroom-17372,train
MasterBedroom-25791,train
SecondBedroom-17259,train
SecondBedroom-579,train
Bedroom-25795,train
Bedroom-27988,train
Bedroom-12515,train
Bedroom-16422,train
Bedroom-8601,train
Bedroom-1181,train
MasterBedroom-12325,train
Bedroom-16963,train
MasterBedroom-949,train
MasterBedroom-6710,train
Bedroom-1155,train
MasterBedroom-1903,train
SecondBedroom-14518,train
SecondBedroom-12408,train
Bedroom-16813,train
MasterBedroom-8520,train
SecondBedroom-1652,train
MasterBedroom-20459,train
SecondBedroom-3301,train
MasterBedroom-1468,train
SecondBedroom-19303,train
MasterBedroom-33650,train
Bedroom-5024,train
MasterBedroom-18785,train
MasterBedroom-4284,train
MasterBedroom-19251,train
SecondBedroom-22112,train
MasterBedroom-21792,train
Bedroom-421,train
MasterBedroom-16919,train
Bedroom-279,train
Bedroom-2457,train
SecondBedroom-18032,train
Bedroom-90564,train
Bedroom-20233,train
Bedroom-3065,train
MasterBedroom-13262,train
Bedroom-1298,train
MasterBedroom-18203,train
Bedroom-29486,train
MasterBedroom-85660,train
Bedroom-9098,train
SecondBedroom-10798,train
MasterBedroom-20828,train
MasterBedroom-2295,train
Bedroom-51228,train
MasterBedroom-1170,train
MasterBedroom-22855,train
MasterBedroom-2367,train
SecondBedroom-2000,train
MasterBedroom-137524,train
Bedroom-17437,train
Bedroom-1784,train
SecondBedroom-8043,train
Bedroom-56702,train
MasterBedroom-13141,train
MasterBedroom-13508,train
MasterBedroom-32242,train
MasterBedroom-13668,train
MasterBedroom-42698,train
SecondBedroom-19608,train
SecondBedroom-10764,train
MasterBedroom-22766,train
SecondBedroom-1360,train
Bedroom-22018,train
MasterBedroom-76782,train
SecondBedroom-35198,train
Bedroom-169,train
SecondBedroom-26550,train
MasterBedroom-1095,train
MasterBedroom-9445,train
SecondBedroom-46457,train
Bedroom-1395,train
MasterBedroom-18288,train
SecondBedroom-18421,train
SecondBedroom-18314,train
Bedroom-18781,train
SecondBedroom-11204,train
Bedroom-27912,train
MasterBedroom-136536,train
SecondBedroom-37249,train
SecondBedroom-38244,train
SecondBedroom-119762,train
SecondBedroom-2874,train
MasterBedroom-17598,train
Bedroom-13239,train
MasterBedroom-13622,train
SecondBedroom-57682,train
Bedroom-10740,train
SecondBedroom-47822,train
Bedroom-137551,train
MasterBedroom-203,train
MasterBedroom-963,train
MasterBedroom-9119,train
Bedroom-14560,train
SecondBedroom-2295,train
Bedroom-29738,train
Bedroom-56759,train
Bedroom-600,train
MasterBedroom-27387,train
Bedroom-3894,train
MasterBedroom-273,train
Bedroom-41491,train
SecondBedroom-147068,train
SecondBedroom-51226,train
MasterBedroom-146184,train
SecondBedroom-992,train
MasterBedroom-9227,train
SecondBedroom-58644,train
Bedroom-17592,train
SecondBedroom-7807,train
SecondBedroom-5355,train
MasterBedroom-7747,train
MasterBedroom-21731,train
SecondBedroom-14072,train
SecondBedroom-23557,train
SecondBedroom-2941,train
SecondBedroom-34317,train
Bedroom-10811,train
Bedroom-7232,train
SecondBedroom-12975,train
MasterBedroom-16029,train
MasterBedroom-1502,train
SecondBedroom-112,train
SecondBedroom-13795,train
Bedroom-2973,train
MasterBedroom-25729,train
Bedroom-3755,train
SecondBedroom-898,train
SecondBedroom-22622,train
MasterBedroom-294,train
SecondBedroom-37378,train
Bedroom-47007,train
SecondBedroom-2149,train
MasterBedroom-71742,train
MasterBedroom-20604,train
MasterBedroom-37369,train
MasterBedroom-10048,train
Bedroom-23540,train
Bedroom-6773,train
MasterBedroom-7618,train
SecondBedroom-3877,train
MasterBedroom-4384,train
SecondBedroom-13688,train
Bedroom-2422,train
Bedroom-1124,train
Bedroom-24236,train
SecondBedroom-33936,train
MasterBedroom-142318,train
MasterBedroom-1589,train
SecondBedroom-103441,train
MasterBedroom-29109,train
SecondBedroom-14861,train
SecondBedroom-9950,train
Bedroom-16914,train
Bedroom-246,train
MasterBedroom-91485,train
MasterBedroom-2363,train
SecondBedroom-32099,train
SecondBedroom-21651,train
SecondBedroom-40528,train
MasterBedroom-1599,train
Bedroom-19090,train
SecondBedroom-68666,train
MasterBedroom-2888,train
MasterBedroom-41843,train
MasterBedroom-44501,train
MasterBedroom-1752,train
SecondBedroom-24295,train
MasterBedroom-14208,train
MasterBedroom-45642,train
MasterBedroom-3618,train
SecondBedroom-115910,train
SecondBedroom-1132,train
MasterBedroom-392,train
SecondBedroom-19119,train
Bedroom-11125,train
SecondBedroom-12923,train
MasterBedroom-299,train
MasterBedroom-11557,train
SecondBedroom-37794,train
MasterBedroom-73093,train
SecondBedroom-5878,train
Bedroom-4858,train
MasterBedroom-27711,train
MasterBedroom-13936,train
SecondBedroom-44725,train
Bedroom-9479,train
MasterBedroom-32008,train
Bedroom-9287,train
SecondBedroom-932,train
SecondBedroom-1762446,train
SecondBedroom-18936,train
SecondBedroom-33779,train
SecondBedroom-1791,train
MasterBedroom-11650,train
Bedroom-43042,train
MasterBedroom-4863,train
BedRoom-143707,train
Bedroom-10372,train
MasterBedroom-28184,train
SecondBedroom-19500,train
Bedroom-14024,train
SecondBedroom-67009,train
MasterBedroom-13842,train
Bedroom-25641,train
MasterBedroom-7226,train
Bedroom-6144,train
SecondBedroom-1912,train
Bedroom-1351,train
SecondBedroom-6026,train
MasterBedroom-18093,train
Bedroom-402,train
SecondBedroom-13413,train
SecondBedroom-64094,train
Bedroom-23003,train
Bedroom-23983,train
MasterBedroom-8733,train
MasterBedroom-11146,train
SecondBedroom-151547,train
MasterBedroom-47915,train
Bedroom-12837,train
SecondBedroom-27170,train
MasterBedroom-22674,train
MasterBedroom-3213,train
Bedroom-14276,train
MasterBedroom-61232,train
SecondBedroom-8229,train
SecondBedroom-6261,train
MasterBedroom-36389,train
Bedroom-3619,train
MasterBedroom-2435,train
MasterBedroom-22066,train
Bedroom-10575,train
Bedroom-3951,train
SecondBedroom-14817,train
MasterBedroom-71406,train
MasterBedroom-79213,train
MasterBedroom-33779,train
Bedroom-19444,train
Bedroom-56319,train
Bedroom-7051,train
SecondBedroom-420,train
MasterBedroom-27045,train
SecondBedroom-1116,train
MasterBedroom-144863,train
SecondBedroom-1762979,train
MasterBedroom-6963,train
SecondBedroom-8921,train
Bedroom-73234,train
SecondBedroom-3935,train
MasterBedroom-5493,train
SecondBedroom-9959,train
Bedroom-2582,train
SecondBedroom-23036,train
SecondBedroom-3031,train
MasterBedroom-72370,train
MasterBedroom-47889,train
MasterBedroom-2976,train
Bedroom-6984,train
Bedroom-3394,train
Bedroom-13921,train
SecondBedroom-11050,train
Bedroom-113,train
SecondBedroom-100315,train
SecondBedroom-29711,train
Bedroom-9593,train
MasterBedroom-16901,train
MasterBedroom-71012,train
Bedroom-11398,train
MasterBedroom-29275,train
MasterBedroom-72447,train
MasterBedroom-17448,train
Bedroom-1361,train
SecondBedroom-6482,train
SecondBedroom-30652,train
MasterBedroom-476,train
SecondBedroom-13359,train
SecondBedroom-12861,train
SecondBedroom-16796,train
Bedroom-412,train
Bedroom-10503,train
SecondBedroom-59274,train
Bedroom-89166,train
MasterBedroom-48901,train
Bedroom-2471,train
Bedroom-1447,train
SecondBedroom-1056,train
MasterBedroom-240350,train
Bedroom-10393,train
MasterBedroom-17480,train
Bedroom-4576,train
Bedroom-26320,train
Bedroom-24059,train
SecondBedroom-28782,train
Bedroom-3316,train
Bedroom-5928,train
MasterBedroom-33506,train
SecondBedroom-2984,train
Bedroom-18751,train
MasterBedroom-6613,train
Bedroom-9535,train
MasterBedroom-32346,train
SecondBedroom-9844,train
BedRoom-16179,train
MasterBedroom-61,train
MasterBedroom-10340,train
MasterBedroom-7802,train
MasterBedroom-12970,train
SecondBedroom-3776,train
Bedroom-108,train
MasterBedroom-21047,train
MasterBedroom-2708,train
SecondBedroom-48433,train
Bedroom-23604,train
MasterBedroom-18017,train
SecondBedroom-52968,train
SecondBedroom-7811,train
Bedroom-3805,train
SecondBedroom-89491,train
Bedroom-12411,train
MasterBedroom-18234,train
SecondBedroom-110019,train
MasterBedroom-11896,train
SecondBedroom-147166,train
Bedroom-23167,train
MasterBedroom-12046,train
Bedroom-206,train
SecondBedroom-15677,train
Bedroom-12109,train
SecondBedroom-3814,train
SecondBedroom-17713,train
SecondBedroom-5626,train
Bedroom-1276,train
MasterBedroom-9326,train
SecondBedroom-1613,train
MasterBedroom-5413,train
SecondBedroom-1083,train
SecondBedroom-45973,train
SecondBedroom-7619,train
SecondBedroom-17999,train
Bedroom-24248,train
Bedroom-300,train
Bedroom-152,train
SecondBedroom-82001,train
Bedroom-112,train
SecondBedroom-46456,train
Bedroom-18499,train
MasterBedroom-31015,train
BedRoom-4982,train
MasterBedroom-16084,train
Bedroom-117313,train
BedRoom-89780,train
SecondBedroom-18111,train
Bedroom-20037,train
MasterBedroom-52661,train
MasterBedroom-40642,train
Bedroom-23898,train
SecondBedroom-86,train
MasterBedroom-24481,train
SecondBedroom-27831,train
SecondBedroom-82506,train
MasterBedroom-34310,train
Bedroom-210267,train
Bedroom-24019,train
MasterBedroom-4198,train
Bedroom-50382,train
SecondBedroom-9823,train
SecondBedroom-14908,train
SecondBedroom-11035,train
Bedroom-10003,train
Bedroom-21497,train
SecondBedroom-12420,train
MasterBedroom-128453,train
MasterBedroom-10044,train
Bedroom-99976,train
SecondBedroom-113391,train
SecondBedroom-29739,train
SecondBedroom-1654,train
Bedroom-13686,train
Bedroom-4797,train
SecondBedroom-13296,train
Bedroom-303723,train
MasterBedroom-7197,train
SecondBedroom-16460,train
SecondBedroom-114156,train
SecondBedroom-42376,train
Bedroom-81765,train
SecondBedroom-1804,train
MasterBedroom-56793,train
Bedroom-6601,train
Bedroom-49598,train
MasterBedroom-5234,train
Bedroom-860,train
SecondBedroom-20347,train
MasterBedroom-1901,train
Bedroom-18317,train
Bedroom-7954,train
Bedroom-84734,train
Bedroom-1448,train
SecondBedroom-11322,train
Bedroom-32729,train
MasterBedroom-53789,train
SecondBedroom-7785,train
Bedroom-7308,train
SecondBedroom-21986,train
MasterBedroom-48846,train
MasterBedroom-10236,train
Bedroom-16767,train
MasterBedroom-6212,train
Bedroom-8051,train
SecondBedroom-14900,train
MasterBedroom-49524,train
MasterBedroom-74547,train
Bedroom-18862,train
SecondBedroom-10941,train
MasterBedroom-34842,train
SecondBedroom-8653,train
SecondBedroom-5791,train
SecondBedroom-9321,train
MasterBedroom-13482,train
SecondBedroom-6462,train
Bedroom-1937,train
Bedroom-12371,train
Bedroom-28692,train
Bedroom-62638,train
MasterBedroom-2328,train
SecondBedroom-74626,train
MasterBedroom-71915,train
SecondBedroom-11132,train
MasterBedroom-682,train
SecondBedroom-22972,train
SecondBedroom-1148,train
Bedroom-6656,train
SecondBedroom-6818,train
Bedroom-32636,train
MasterBedroom-54235,train
MasterBedroom-60471,train
MasterBedroom-12178,train
Bedroom-19853,train
Bedroom-26487,train
MasterBedroom-3298,train
SecondBedroom-22111,train
Bedroom-47682,train
MasterBedroom-118964,train
Bedroom-7707,train
SecondBedroom-7253,train
SecondBedroom-19612,train
SecondBedroom-1049,train
MasterBedroom-34727,train
Bedroom-232,train
MasterBedroom-42154,train
SecondBedroom-22460,train
MasterBedroom-1672,train
SecondBedroom-76776,train
MasterBedroom-649,train
MasterBedroom-10891,train
MasterBedroom-10505,train
SecondBedroom-52686,train
MasterBedroom-14015,train
Bedroom-13336,train
Bedroom-5020,train
Bedroom-102887,train
Bedroom-5265,train
MasterBedroom-2805,train
Bedroom-9417,train
SecondBedroom-37702,train
MasterBedroom-4520,train
Bedroom-17436,train
Bedroom-25908,train
MasterBedroom-7220,train
SecondBedroom-15319,train
Bedroom-589,train
MasterBedroom-40296,train
Bedroom-12047,train
Bedroom-6312,train
SecondBedroom-176067,train
SecondBedroom-28725,train
MasterBedroom-16741,train
SecondBedroom-431,train
MasterBedroom-191839,train
Bedroom-18759,train
MasterBedroom-111919,train
MasterBedroom-11787,train
MasterBedroom-11918,train
SecondBedroom-11167,train
MasterBedroom-27443,train
MasterBedroom-3579,train
Bedroom-21222,train
MasterBedroom-16040,train
SecondBedroom-42478,train
SecondBedroom-103807,train
SecondBedroom-10141,train
SecondBedroom-6212,train
MasterBedroom-63698,train
SecondBedroom-339,train
Bedroom-15482,train
SecondBedroom-15967,train
Bedroom-10342,train
Bedroom-68029,train
MasterBedroom-33111,train
Bedroom-46578,train
Bedroom-6679,train
MasterBedroom-28904,train
Bedroom-65752,train
SecondBedroom-25830,train
Bedroom-37666,train
SecondBedroom-14409,train
Bedroom-26089,train
MasterBedroom-8750,train
Bedroom-922,train
Bedroom-42930,train
Bedroom-3895,train
MasterBedroom-11237,train
SecondBedroom-32238,train
MasterBedroom-24658,train
Bedroom-10854,train
MasterBedroom-29148,train
MasterBedroom-34223,train
SecondBedroom-1074,train
MasterBedroom-29514,train
Bedroom-43407,train
MasterBedroom-12477,train
SecondBedroom-1018,train
SecondBedroom-29217,train
MasterBedroom-2464,train
MasterBedroom-5490,train
MasterBedroom-6631,train
MasterBedroom-488,train
MasterBedroom-21810,train
MasterBedroom-354,train
MasterBedroom-1647,train
Bedroom-142430,train
Bedroom-14021,train
Bedroom-338,train
MasterBedroom-5121,train
Bedroom-9255,train
Bedroom-437,train
Bedroom-58778,train
Bedroom-9265,train
Bedroom-17102,train
MasterBedroom-8000,train
Bedroom-923,train
Bedroom-13468,train
MasterBedroom-42,train
SecondBedroom-18194,train
SecondBedroom-636,train
MasterBedroom-28365,train
MasterBedroom-17777,train
Bedroom-48198,train
Bedroom-2058,train
Bedroom-124,train
Bedroom-17629,train
SecondBedroom-14305,train
Bedroom-40204,train
MasterBedroom-49089,train
SecondBedroom-7743,train
Bedroom-9836,train
MasterBedroom-21392,train
SecondBedroom-909,train
Bedroom-38342,train
SecondBedroom-30549,train
SecondBedroom-23205,train
SecondBedroom-307,train
MasterBedroom-32060,train
Bedroom-62617,train
Bedroom-13131,train
SecondBedroom-1059,train
MasterBedroom-18725,train
Bedroom-20168,train
MasterBedroom-9093,train
SecondBedroom-1001,train
SecondBedroom-58474,train
MasterBedroom-15334,train
MasterBedroom-15309,train
SecondBedroom-7873,train
SecondBedroom-17365,train
Bedroom-19866,train
Bedroom-25940,train
Bedroom-7284,train
Bedroom-3567,train
SecondBedroom-34440,train
Bedroom-24907,train
Bedroom-3372,train
SecondBedroom-218199,train
Bedroom-53458,train
MasterBedroom-12524,train
Bedroom-6936,train
Bedroom-1023424,train
MasterBedroom-11013,train
SecondBedroom-10372,train
MasterBedroom-3752,train
SecondBedroom-174,train
SecondBedroom-11974,train
Bedroom-10640,train
SecondBedroom-7017,train
Bedroom-25711,train
Bedroom-28486,train
Bedroom-1197,train
Bedroom-46678,train
MasterBedroom-64939,train
SecondBedroom-10509,train
Bedroom-21210,train
SecondBedroom-1082,train
Bedroom-18950,train
SecondBedroom-19247,train
MasterBedroom-9197,train
SecondBedroom-11704,train
Bedroom-3456,train
MasterBedroom-67468,train
MasterBedroom-1008,train
Bedroom-16379,train
SecondBedroom-10884,train
MasterBedroom-654,train
Bedroom-47615,train
SecondBedroom-89516,train
SecondBedroom-51334,train
Bedroom-780,train
MasterBedroom-816,train
MasterBedroom-13713,train
Bedroom-2104,train
MasterBedroom-5128,train
MasterBedroom-8787,train
SecondBedroom-1060,train
Bedroom-12864,train
SecondBedroom-14789,train
SecondBedroom-6908,train
Bedroom-1898,train
MasterBedroom-75552,train
MasterBedroom-13590,train
Bedroom-109970,train
MasterBedroom-13883,train
SecondBedroom-28376,train
Bedroom-33792,train
MasterBedroom-44790,train
Bedroom-20007,train
SecondBedroom-22467,train
SecondBedroom-1885,train
MasterBedroom-2957,train
SecondBedroom-562,train
SecondBedroom-9577,train
SecondBedroom-28138,train
Bedroom-56809,train
SecondBedroom-34098,train
MasterBedroom-1188,train
SecondBedroom-8514,train
MasterBedroom-1747,train
SecondBedroom-16071,train
MasterBedroom-41369,train
MasterBedroom-30167,train
MasterBedroom-462,train
Bedroom-11392,train
SecondBedroom-8016,train
Bedroom-2075,train
MasterBedroom-13931,train
Bedroom-62235,train
MasterBedroom-27795,train
SecondBedroom-54811,train
MasterBedroom-8587,train
Bedroom-24070,train
SecondBedroom-42424,train
Bedroom-4530,train
Bedroom-2246,train
SecondBedroom-1228,train
SecondBedroom-17966,train
MasterBedroom-24635,train
SecondBedroom-18509,train
MasterBedroom-1408,train
SecondBedroom-199664,train
Bedroom-9700,train
Bedroom-166575,train
SecondBedroom-8208,train
MasterBedroom-16132,train
MasterBedroom-45020,train
SecondBedroom-18640,train
MasterBedroom-8642,train
SecondBedroom-39696,train
Bedroom-29500,train
Bedroom-17188,train
Bedroom-91438,train
SecondBedroom-138968,train
Bedroom-74674,train
MasterBedroom-10209,train
SecondBedroom-39793,train
SecondBedroom-14328,train
MasterBedroom-6762,train
Bedroom-3107,train
SecondBedroom-14200,train
Bedroom-48979,train
Bedroom-37166,train
SecondBedroom-17691,train
Bedroom-10034,train
MasterBedroom-52848,train
Bedroom-42175,train
SecondBedroom-92664,train
MasterBedroom-17488,train
MasterBedroom-102831,train
MasterBedroom-146891,train
Bedroom-19819,train
Bedroom-9841,train
SecondBedroom-19262,train
MasterBedroom-12560,train
Bedroom-10256,train
SecondBedroom-40604,train
Bedroom-191,train
MasterBedroom-10297,train
SecondBedroom-145304,train
SecondBedroom-4803,train
Bedroom-986,train
MasterBedroom-7524,train
MasterBedroom-58491,train
MasterBedroom-15718,train
SecondBedroom-47313,train
Bedroom-9227,train
SecondBedroom-2906,train
SecondBedroom-1983,train
MasterBedroom-75082,train
SecondBedroom-12155,train
MasterBedroom-24739,train
MasterBedroom-192362,train
SecondBedroom-21470,train
SecondBedroom-44122,train
MasterBedroom-6712,train
SecondBedroom-31876,train
MasterBedroom-116901,train
SecondBedroom-19781,train
SecondBedroom-69015,train
SecondBedroom-13208,train
MasterBedroom-3182,train
SecondBedroom-12206,train
SecondBedroom-7287,train
Bedroom-1285,train
Bedroom-1016,train
MasterBedroom-3857,train
SecondBedroom-88275,train
SecondBedroom-81245,train
SecondBedroom-13267,train
Bedroom-4593,train
MasterBedroom-72713,train
SecondBedroom-3467,train
Bedroom-11072,train
Bedroom-6915,train
SecondBedroom-5810,train
Bedroom-164,train
MasterBedroom-4716,train
Bedroom-5740,train
Bedroom-8607,train
SecondBedroom-39146,train
SecondBedroom-22729,train
Bedroom-69096,train
Bedroom-1983,train
SecondBedroom-14075,train
SecondBedroom-262,train
MasterBedroom-40557,train
MasterBedroom-1979,train
SecondBedroom-32005,train
SecondBedroom-10098,train
SecondBedroom-26371,train
MasterBedroom-35481,train
Bedroom-9803,train
SecondBedroom-24363,train
SecondBedroom-1097,train
SecondBedroom-130,train
SecondBedroom-33144,train
MasterBedroom-8331,train
MasterBedroom-5215,train
Bedroom-664,train
MasterBedroom-50979,train
MasterBedroom-6737,train
SecondBedroom-10292,train
SecondBedroom-45688,train
MasterBedroom-8546,train
MasterBedroom-17855,train
SecondBedroom-738,train
Bedroom-1611,train
Bedroom-1109,train
Bedroom-11659,train
MasterBedroom-11867,train
MasterBedroom-25057,train
MasterBedroom-4026,train
MasterBedroom-12352,train
SecondBedroom-714,train
BedRoom-89136,train
Bedroom-15516,train
MasterBedroom-87130,train
MasterBedroom-64701,train
MasterBedroom-42650,train
MasterBedroom-1102,train
SecondBedroom-9667,train
Bedroom-7011,train
Bedroom-69440,train
MasterBedroom-9688,train
Bedroom-312023,train
MasterBedroom-7326,train
MasterBedroom-14546,train
Bedroom-17515,train
MasterBedroom-9476,train
SecondBedroom-11311,train
MasterBedroom-15131,train
MasterBedroom-7232,train
Bedroom-3307,train
MasterBedroom-12123,train
Bedroom-22361,train
MasterBedroom-38249,train
MasterBedroom-8821,train
MasterBedroom-32709,train
MasterBedroom-6943,train
Bedroom-17939,train
Bedroom-41872,train
MasterBedroom-1549,train
MasterBedroom-20171,train
SecondBedroom-14024,train
SecondBedroom-34863,train
MasterBedroom-1543,train
Bedroom-12169,train
Bedroom-34223,train
MasterBedroom-1956,train
SecondBedroom-58832,train
Bedroom-50925,train
SecondBedroom-21482,train
SecondBedroom-16306,train
SecondBedroom-19505,train
MasterBedroom-15527,train
SecondBedroom-57502,train
Bedroom-15206,train
BedRoom-3300,train
MasterBedroom-37550,train
Bedroom-65973,train
Bedroom-5546,train
SecondBedroom-7233,train
MasterBedroom-48054,train
MasterBedroom-1458,train
SecondBedroom-41616,train
MasterBedroom-3635,train
Bedroom-71031,train
SecondBedroom-25677,train
Bedroom-2336,train
Bedroom-7187,train
Bedroom-38427,train
SecondBedroom-18701,train
SecondBedroom-44058,train
Bedroom-39015,train
SecondBedroom-152,train
Bedroom-98387,train
MasterBedroom-771,train
Bedroom-11457,train
Bedroom-13247,train
SecondBedroom-9126,train
MasterBedroom-2820,train
BedRoom-89802,train
Bedroom-86259,train
Bedroom-34622,train
MasterBedroom-60990,train
SecondBedroom-941,train
MasterBedroom-30669,train
MasterBedroom-45414,train
Bedroom-19967,train
SecondBedroom-4527,train
MasterBedroom-35445,train
SecondBedroom-3549,train
SecondBedroom-28256,train
SecondBedroom-25516,train
MasterBedroom-536,train
MasterBedroom-62315,train
Bedroom-11842,train
Bedroom-5998,train
Bedroom-34319,train
Bedroom-302,train
Bedroom-126874,train
MasterBedroom-11688,train
SecondBedroom-10172,train
MasterBedroom-49820,train
MasterBedroom-52196,train
MasterBedroom-68993,train
SecondBedroom-5150,train
Bedroom-87322,train
SecondBedroom-1145,train
Bedroom-88515,train
SecondBedroom-67319,train
SecondBedroom-110415,train
SecondBedroom-6704,train
MasterBedroom-107429,train
MasterBedroom-192,train
SecondBedroom-20515,train
Bedroom-30225,train
Bedroom-22339,train
SecondBedroom-56631,train
MasterBedroom-35272,train
Bedroom-52368,train
Bedroom-9787,train
Bedroom-22495,train
Bedroom-9293,train
MasterBedroom-13658,train
MasterBedroom-4499,train
MasterBedroom-11214,train
SecondBedroom-45332,train
Bedroom-21829,train
SecondBedroom-9725,train
MasterBedroom-9857,train
Bedroom-13712,train
SecondBedroom-48054,train
Bedroom-2235,train
SecondBedroom-116679,train
Bedroom-27855,train
SecondBedroom-407,train
BedRoom-60936,train
Bedroom-4751,train
MasterBedroom-20130,train
Bedroom-4744,train
MasterBedroom-9302,train
MasterBedroom-87312,train
SecondBedroom-15800,train
SecondBedroom-64295,train
Bedroom-102143,train
Bedroom-9299,train
MasterBedroom-8967,train
SecondBedroom-110053,train
Bedroom-119,train
MasterBedroom-480,train
SecondBedroom-75552,train
BedRoom-56057,train
MasterBedroom-3260,train
Bedroom-22071,train
MasterBedroom-218,train
Bedroom-2876,train
SecondBedroom-16593,train
MasterBedroom-2426,train
Bedroom-10751,train
MasterBedroom-23705,train
Bedroom-30773,train
MasterBedroom-15538,train
Bedroom-12094,train
SecondBedroom-56936,train
Bedroom-73620,train
MasterBedroom-8164,train
MasterBedroom-2801,train
MasterBedroom-4877,train
MasterBedroom-11479,train
MasterBedroom-1801,train
MasterBedroom-1282,train
SecondBedroom-10891,train
SecondBedroom-6519,train
SecondBedroom-2034,train
Bedroom-1658,train
Bedroom-430,train
SecondBedroom-19165,train
MasterBedroom-10958,train
MasterBedroom-251,train
MasterBedroom-9099,train
Bedroom-7832,train
SecondBedroom-19492,train
Bedroom-53,train
SecondBedroom-18007,train
MasterBedroom-17068,train
MasterBedroom-11456,train
Bedroom-8024,train
Bedroom-36373,train
SecondBedroom-49730,train
SecondBedroom-66096,train
Bedroom-17464,train
MasterBedroom-11997,train
Bedroom-22027,train
SecondBedroom-31811,train
SecondBedroom-889,train
SecondBedroom-94626,train
MasterBedroom-784,train
Bedroom-21185,train
SecondBedroom-72827,train
Bedroom-20752,train
MasterBedroom-2303,train
MasterBedroom-12180,train
MasterBedroom-5264,train
Bedroom-2251,train
SecondBedroom-8847,train
Bedroom-36351,train
SecondBedroom-58235,train
SecondBedroom-1179,train
Bedroom-6059,train
SecondBedroom-42209,train
Bedroom-13645,train
Bedroom-24337,train
Bedroom-362,train
MasterBedroom-10264,train
Bedroom-366,train
SecondBedroom-35011,train
MasterBedroom-3544,train
MasterBedroom-4843,train
MasterBedroom-10400,train
MasterBedroom-19189,train
MasterBedroom-22333,train
MasterBedroom-141734,train
SecondBedroom-6285,train
Bedroom-42001,train
MasterBedroom-55531,train
Bedroom-13661,train
SecondBedroom-11465,train
SecondBedroom-27411,train
MasterBedroom-46100,train
Bedroom-727,train
SecondBedroom-33345,train
Bedroom-2719,train
Bedroom-512,train
SecondBedroom-272,train
Bedroom-106236,train
BedRoom-18239,train
SecondBedroom-151735,train
SecondBedroom-46451,train
SecondBedroom-7904,train
MasterBedroom-9638,train
Bedroom-604596,train
Bedroom-7783,train
MasterBedroom-11336,train
SecondBedroom-8814,train
Bedroom-64012,train
MasterBedroom-48345,train
MasterBedroom-9802,train
MasterBedroom-49865,train
SecondBedroom-24334,train
SecondBedroom-6646,train
SecondBedroom-10232,train
SecondBedroom-4782,train
Bedroom-32859,train
Bedroom-33611,train
Bedroom-74627,train
SecondBedroom-8177,train
MasterBedroom-4340,train
SecondBedroom-56702,train
SecondBedroom-185607,train
Bedroom-2685,train
SecondBedroom-750,train
MasterBedroom-14249,train
SecondBedroom-45226,train
MasterBedroom-102143,train
MasterBedroom-6776,train
SecondBedroom-79497,train
MasterBedroom-108544,train
Bedroom-127,train
MasterBedroom-39095,train
MasterBedroom-56404,train
MasterBedroom-6128,train
SecondBedroom-34058,train
Bedroom-24461,train
Bedroom-6506,train
Bedroom-62184,train
SecondBedroom-6087,train
MasterBedroom-18042,train
SecondBedroom-15458,train
MasterBedroom-402,train
Bedroom-13255,train
Bedroom-1345,train
Bedroom-217,train
Bedroom-28089,train
SecondBedroom-26143,train
SecondBedroom-65636,train
SecondBedroom-10954,train
MasterBedroom-12904,train
Bedroom-87733,train
SecondBedroom-27606,train
MasterBedroom-7347,train
MasterBedroom-1683,train
MasterBedroom-8176,train
SecondBedroom-32294,train
Bedroom-20944,train
Bedroom-62221,train
SecondBedroom-1845,train
SecondBedroom-34183,train
Bedroom-10024,train
SecondBedroom-182759,train
MasterBedroom-9298,train
MasterBedroom-10156,train
Bedroom-24339,train
SecondBedroom-16272,train
MasterBedroom-8184,train
Bedroom-6636,train
MasterBedroom-17000,train
SecondBedroom-51694,train
MasterBedroom-13595,train
MasterBedroom-60232,train
Bedroom-25848,train
Bedroom-22896,train
Bedroom-42376,train
SecondBedroom-100203,train
Bedroom-353,train
Bedroom-28183,train
SecondBedroom-8548,train
SecondBedroom-36266,train
SecondBedroom-1541,train
SecondBedroom-7914,train
MasterBedroom-541,train
SecondBedroom-63948,train
MasterBedroom-892,train
MasterBedroom-181000,train
SecondBedroom-22408,train
MasterBedroom-304,train
Bedroom-60232,train
SecondBedroom-739,train
Bedroom-837,train
SecondBedroom-30001,train
SecondBedroom-22370,train
MasterBedroom-8909,train
Bedroom-22136,train
SecondBedroom-1301,train
MasterBedroom-5467,train
Bedroom-274,train
SecondBedroom-9994,train
Bedroom-41542,train
MasterBedroom-3855,train
Bedroom-60068,train
Bedroom-14447,train
Bedroom-5699,train
Bedroom-54381,train
SecondBedroom-2393,train
SecondBedroom-5468,train
SecondBedroom-53256,train
SecondBedroom-107766,train
MasterBedroom-7269,train
MasterBedroom-4008,train
Bedroom-34409,train
Bedroom-59236,train
SecondBedroom-3852,train
MasterBedroom-9893,train
Bedroom-149,train
MasterBedroom-3486,train
Bedroom-12508,train
Bedroom-27600,train
MasterBedroom-33999,train
MasterBedroom-1895,train
MasterBedroom-71103,train
Bedroom-1087,train
SecondBedroom-11828,train
SecondBedroom-5283,train
Bedroom-11435,train
MasterBedroom-33499,train
Bedroom-701,train
SecondBedroom-6793,train
MasterBedroom-29631,train
Bedroom-4191,train
SecondBedroom-213397,train
MasterBedroom-10833,train
Bedroom-40470,train
Bedroom-10348,train
MasterBedroom-15985,train
MasterBedroom-109910,train
SecondBedroom-34345,train
SecondBedroom-4485,train
Bedroom-6792,train
MasterBedroom-10842,train
MasterBedroom-19102,train
MasterBedroom-10454,train
SecondBedroom-93585,train
Bedroom-71736,train
SecondBedroom-964,train
MasterBedroom-7439,train
Bedroom-77815,train
Bedroom-4008,train
MasterBedroom-113,train
SecondBedroom-2131,train
Bedroom-93,train
MasterBedroom-52171,train
MasterBedroom-5874,train
Bedroom-18928,train
SecondBedroom-9587,train
Bedroom-3098,train
SecondBedroom-2478,train
MasterBedroom-74514,train
SecondBedroom-7228,train
MasterBedroom-29555,train
MasterBedroom-33763,train
SecondBedroom-25073,train
SecondBedroom-18088,train
Bedroom-17101,train
Bedroom-45428,train
SecondBedroom-5013,train
Bedroom-19737,train
Bedroom-12922,train
SecondBedroom-39603,train
Bedroom-797,train
SecondBedroom-18044,train
SecondBedroom-11739,train
Bedroom-17414,train
SecondBedroom-392,train
SecondBedroom-11179,train
MasterBedroom-19652,train
SecondBedroom-10225,train
Bedroom-14737,train
MasterBedroom-5478,train
MasterBedroom-23278,train
MasterBedroom-30526,train
MasterBedroom-21002,train
Bedroom-267,train
Bedroom-1206,train
MasterBedroom-10220,train
SecondBedroom-34991,train
Bedroom-5237,train
Bedroom-44824,train
Bedroom-1059,train
MasterBedroom-5861,train
SecondBedroom-43866,train
MasterBedroom-235420,train
SecondBedroom-64669,train
Bedroom-23945,train
Bedroom-34632,train
Bedroom-16438,train
SecondBedroom-702,train
SecondBedroom-1028,train
SecondBedroom-1044,train
SecondBedroom-6067,train
MasterBedroom-1514,train
Bedroom-30371,train
SecondBedroom-1064,train
SecondBedroom-23875,train
SecondBedroom-12952,train
SecondBedroom-7140,train
SecondBedroom-46845,train
Bedroom-48166,train
Bedroom-396,train
MasterBedroom-3995,train
MasterBedroom-54753,train
MasterBedroom-1369,train
MasterBedroom-2080,train
Bedroom-11599,train
SecondBedroom-18838,train
Bedroom-17761,train
SecondBedroom-9632,train
SecondBedroom-15933,train
Bedroom-75036,train
MasterBedroom-30627,train
Bedroom-649,train
Bedroom-15841,train
SecondBedroom-29324,train
SecondBedroom-58336,train
MasterBedroom-12270,train
SecondBedroom-149130,train
Bedroom-59718,train
Bedroom-33921,train
Bedroom-8226,train
MasterBedroom-31582,train
Bedroom-9783,train
MasterBedroom-196,train
Bedroom-16603,train
MasterBedroom-32589,train
MasterBedroom-6696,train
Bedroom-33922,train
SecondBedroom-1310,train
Bedroom-8043,train
SecondBedroom-11406,train
Bedroom-23600,train
SecondBedroom-37197,train
MasterBedroom-11259,train
SecondBedroom-13044,train
SecondBedroom-270406,train
Bedroom-2035,train
Bedroom-51292,train
MasterBedroom-6424,train
SecondBedroom-17587,train
SecondBedroom-31291,train
Bedroom-16717,train
Bedroom-9232,train
SecondBedroom-10458,train
Bedroom-688,train
Bedroom-332,train
Bedroom-108873,train
MasterBedroom-29735,train
MasterBedroom-9222,train
SecondBedroom-14682,train
Bedroom-88208,train
MasterBedroom-28978,train
Bedroom-14771,train
Bedroom-260,train
MasterBedroom-17139,train
MasterBedroom-141250,train
MasterBedroom-13832,train
MasterBedroom-2504,train
MasterBedroom-29378,train
SecondBedroom-1689,train
MasterBedroom-22581,train
SecondBedroom-6830,train
Bedroom-5021,train
SecondBedroom-62406,train
MasterBedroom-9557,train
SecondBedroom-26881,train
SecondBedroom-52543,train
Bedroom-8821,train
MasterBedroom-11734,train
MasterBedroom-412,train
MasterBedroom-18842,train
MasterBedroom-7162,train
MasterBedroom-223838,train
Bedroom-16311,train
SecondBedroom-1463,train
MasterBedroom-801,train
SecondBedroom-3229,val
MasterBedroom-12940,val
MasterBedroom-621,val
MasterBedroom-19531,val
MasterBedroom-3391,val
Bedroom-29834,val
MasterBedroom-26587,val
SecondBedroom-4462,val
MasterBedroom-14837,val
SecondBedroom-34703,val
Bedroom-33967,val
Bedroom-70996,val
SecondBedroom-20952,val
SecondBedroom-9110,val
MasterBedroom-66911,val
MasterBedroom-11331,val
MasterBedroom-19082,val
MasterBedroom-17259,val
Bedroom-30440,val
Bedroom-30195,val
SecondBedroom-41862,val
Bedroom-12028,val
SecondBedroom-3545,val
MasterBedroom-11322,val
SecondBedroom-65696,val
SecondBedroom-18403,val
MasterBedroom-32234,val
SecondBedroom-791,val
Bedroom-10566,val
SecondBedroom-3784,val
Bedroom-5697,val
SecondBedroom-11216,val
BedRoom-22090,val
Bedroom-35064,val
Bedroom-3064,val
SecondBedroom-1621,val
MasterBedroom-27414,val
MasterBedroom-261,val
Bedroom-6993,val
Bedroom-74,val
MasterBedroom-871,val
SecondBedroom-1636,val
SecondBedroom-74670,val
MasterBedroom-10682,val
MasterBedroom-8852,val
SecondBedroom-6191,val
SecondBedroom-15597,val
MasterBedroom-12988,val
Bedroom-766,val
MasterBedroom-1446,val
SecondBedroom-32567,val
MasterBedroom-14876,val
MasterBedroom-26618,val
SecondBedroom-23886,val
Bedroom-21283,val
SecondBedroom-2293,val
MasterBedroom-11301,val
Bedroom-12315,val
SecondBedroom-546,val
MasterBedroom-475,val
Bedroom-7980,val
Bedroom-1509,val
SecondBedroom-11580,val
MasterBedroom-68024,val
MasterBedroom-9129,val
SecondBedroom-51128,val
MasterBedroom-11315,val
MasterBedroom-467,val
MasterBedroom-11574,val
MasterBedroom-19792,val
Bedroom-949,val
MasterBedroom-59476,val
MasterBedroom-2002,val
MasterBedroom-11832,val
SecondBedroom-19185,val
MasterBedroom-226184,val
Bedroom-11362,val
Bedroom-14731,val
Bedroom-38049,val
SecondBedroom-38751,val
MasterBedroom-101780,val
MasterBedroom-8601,val
SecondBedroom-40355,val
MasterBedroom-17936,val
Bedroom-11063,val
MasterBedroom-13145,val
MasterBedroom-809,val
Bedroom-2765,val
Bedroom-62070,val
MasterBedroom-283,val
MasterBedroom-4864,val
SecondBedroom-12565,val
MasterBedroom-2432,val
BedRoom-175902,val
MasterBedroom-6528,val
SecondBedroom-1443,val
SecondBedroom-16583,val
SecondBedroom-717,val
SecondBedroom-21442,val
MasterBedroom-43954,val
MasterBedroom-14637,val
Bedroom-26648,val
Bedroom-15630,val
SecondBedroom-4816,val
SecondBedroom-27997,val
Bedroom-931,val
Bedroom-2649,val
Bedroom-11907,val
MasterBedroom-30521,val
SecondBedroom-7924,val
MasterBedroom-1814,val
Bedroom-30701,val
Bedroom-497,val
Bedroom-22351,val
Bedroom-20829,val
SecondBedroom-18046,val
MasterBedroom-38385,val
Bedroom-14257,val
MasterBedroom-10543,val
Bedroom-2241,val
MasterBedroom-7336,val
MasterBedroom-290,val
SecondBedroom-31759,val
SecondBedroom-16519,val
MasterBedroom-9070,val
SecondBedroom-10210,val
Bedroom-14230,val
SecondBedroom-52786,val
Bedroom-35027,val
SecondBedroom-5641,val
SecondBedroom-19241,val
MasterBedroom-32173,val
MasterBedroom-32534,val
Bedroom-19315,val
SecondBedroom-73546,val
SecondBedroom-54502,val
MasterBedroom-38990,val
SecondBedroom-18208,val
SecondBedroom-2279,val
MasterBedroom-87405,val
MasterBedroom-2083,val
SecondBedroom-12667,val
SecondBedroom-30670,val
SecondBedroom-8146,val
MasterBedroom-1339,val
SecondBedroom-18829,val
Bedroom-5165,val
MasterBedroom-1065,val
Bedroom-8136,val
MasterBedroom-11980,val
MasterBedroom-20476,val
MasterBedroom-78206,val
SecondBedroom-63799,val
MasterBedroom-34464,val
MasterBedroom-14405,val
MasterBedroom-5579,val
Bedroom-27402,val
SecondBedroom-14107,val
MasterBedroom-15500,val
Bedroom-21463,val
MasterBedroom-9858,val
SecondBedroom-4514,val
SecondBedroom-10368,val
SecondBedroom-22809,val
MasterBedroom-838,val
SecondBedroom-9923,val
Bedroom-1541,val
SecondBedroom-15551,val
Bedroom-1853,val
Bedroom-68718,val
SecondBedroom-7221,val
SecondBedroom-8427,val
SecondBedroom-6621,val
MasterBedroom-150024,val
SecondBedroom-6425,val
Bedroom-258,val
Bedroom-15031,val
MasterBedroom-369,val
Bedroom-8166,val
Bedroom-14550,val
SecondBedroom-1684,val
MasterBedroom-32316,val
MasterBedroom-29731,val
SecondBedroom-675666,val
SecondBedroom-46517,val
SecondBedroom-37984,val
MasterBedroom-69016,val
Bedroom-15586,val
SecondBedroom-24075,val
MasterBedroom-77395,val
MasterBedroom-85470,val
SecondBedroom-12387,val
MasterBedroom-42363,val
Bedroom-11172,val
Bedroom-11388,val
SecondBedroom-67739,val
MasterBedroom-539,val
SecondBedroom-68005,val
Bedroom-14458,val
Bedroom-680,val
SecondBedroom-1213,val
MasterBedroom-2276,val
MasterBedroom-20014,val
SecondBedroom-3960,val
SecondBedroom-96865,val
MasterBedroom-45036,val
SecondBedroom-60495,val
Bedroom-29631,val
SecondBedroom-15676,val
Bedroom-6314,val
SecondBedroom-15428,val
SecondBedroom-31150,val
Bedroom-2276,val
Bedroom-12514,val
MasterBedroom-33922,val
Bedroom-7968,val
Bedroom-3165,val
Bedroom-20650,val
SecondBedroom-20716,val
SecondBedroom-40706,val
Bedroom-1196,val
MasterBedroom-6775,val
Bedroom-33711,val
SecondBedroom-55519,val
SecondBedroom-8680,val
MasterBedroom-6822,val
MasterBedroom-6075,val
Bedroom-110163,val
SecondBedroom-26156,val
MasterBedroom-3854,val
SecondBedroom-31187,val
MasterBedroom-44641,val
MasterBedroom-6275,val
Bedroom-10310,val
Bedroom-652,val
SecondBedroom-268980,val
SecondBedroom-17415,val
Bedroom-7423,val
MasterBedroom-1261,val
Bedroom-88021,val
SecondBedroom-32163,val
Bedroom-21984,val
SecondBedroom-4383,val
MasterBedroom-6040,val
Bedroom-1213,val
SecondBedroom-7682,val
SecondBedroom-2731,val
MasterBedroom-3135,val
Bedroom-237,val
Bedroom-19731,val
SecondBedroom-6929,val
MasterBedroom-16161,val
Bedroom-361,val
MasterBedroom-11662,val
MasterBedroom-17635,val
MasterBedroom-24067,val
SecondBedroom-8840,val
SecondBedroom-3873,val
Bedroom-15856,val
Bedroom-29482,val
MasterBedroom-5297,val
MasterBedroom-9810,val
SecondBedroom-18593,val
MasterBedroom-21186,val
MasterBedroom-18739,val
MasterBedroom-1247,val
SecondBedroom-1752,val
MasterBedroom-44375,val
SecondBedroom-6500,val
SecondBedroom-5571,val
SecondBedroom-2866,val
Bedroom-25411,val
SecondBedroom-23568,val
MasterBedroom-31685,val
SecondBedroom-35695,val
BedRoom-454909,val
Bedroom-10941,val
Bedroom-31327,val
SecondBedroom-11385,val
MasterBedroom-121748,val
Bedroom-13741,val
SecondBedroom-12164,val
SecondBedroom-6847,val
Bedroom-2007,val
SecondBedroom-10357,val
Bedroom-53437,val
MasterBedroom-14272,val
SecondBedroom-884,val
MasterBedroom-8474,val
Bedroom-12129,val
SecondBedroom-3380,val
MasterBedroom-10120,val
SecondBedroom-55429,val
MasterBedroom-28784,val
Bedroom-16443,val
MasterBedroom-35376,val
MasterBedroom-2661,val
SecondBedroom-7053,val
SecondBedroom-36784,val
SecondBedroom-7808,val
Bedroom-803,test
SecondBedroom-116650,test
SecondBedroom-25214,test
Bedroom-933,test
SecondBedroom-44692,test
SecondBedroom-13869,test
Bedroom-21273,test
MasterBedroom-35124,test
SecondBedroom-13315,test
Bedroom-71366,test
SecondBedroom-274,test
Bedroom-24730,test
Bedroom-13271,test
Bedroom-30978,test
Bedroom-27924,test
MasterBedroom-76652,test
SecondBedroom-2260,test
Bedroom-243932,test
MasterBedroom-65728,test
Bedroom-2901,test
Bedroom-583,test
MasterBedroom-50869,test
SecondBedroom-6182,test
SecondBedroom-292,test
SecondBedroom-26903,test
MasterBedroom-32615,test
MasterBedroom-97223,test
Bedroom-47481,test
MasterBedroom-22344,test
Bedroom-12281,test
SecondBedroom-110921,test
Bedroom-50410,test
MasterBedroom-16974,test
MasterBedroom-18517,test
MasterBedroom-24711,test
Bedroom-6864,test
MasterBedroom-9583,test
Bedroom-28121,test
Bedroom-222,test
Bedroom-2878,test
SecondBedroom-24604,test
MasterBedroom-22676,test
MasterBedroom-5424,test
MasterBedroom-26744,test
SecondBedroom-27156,test
MasterBedroom-7208,test
SecondBedroom-9892,test
SecondBedroom-860,test
MasterBedroom-10707,test
Bedroom-6002,test
Bedroom-677,test
MasterBedroom-112394,test
MasterBedroom-57483,test
MasterBedroom-19679,test
MasterBedroom-1091,test
MasterBedroom-1667,test
Bedroom-227,test
SecondBedroom-44145,test
MasterBedroom-3530,test
MasterBedroom-22824,test
Bedroom-23278,test
Bedroom-755,test
MasterBedroom-13645,test
SecondBedroom-20454,test
MasterBedroom-108697,test
SecondBedroom-6938,test
MasterBedroom-7712,test
Bedroom-1838,test
MasterBedroom-391,test
SecondBedroom-2302,test
Bedroom-14292,test
MasterBedroom-52771,test
SecondBedroom-21667,test
MasterBedroom-8221,test
MasterBedroom-2540,test
SecondBedroom-7640,test
MasterBedroom-1585,test
MasterBedroom-40236,test
SecondBedroom-15353,test
SecondBedroom-7076,test
Bedroom-29751,test
SecondBedroom-4397,test
SecondBedroom-94646,test
SecondBedroom-14804,test
Bedroom-10597,test
Bedroom-9668,test
SecondBedroom-30195,test
MasterBedroom-2371,test
Bedroom-6975,test
SecondBedroom-1830,test
SecondBedroom-332,test
SecondBedroom-42337,test
SecondBedroom-35143,test
SecondBedroom-11423,test
SecondBedroom-27973,test
MasterBedroom-40514,test
SecondBedroom-5509,test
SecondBedroom-17858,test
SecondBedroom-14246,test
SecondBedroom-27869,test
SecondBedroom-7347,test
SecondBedroom-819,test
MasterBedroom-5836,test
SecondBedroom-38516,test
MasterBedroom-33231,test
Bedroom-39649,test
SecondBedroom-10585,test
MasterBedroom-9526,test
Bedroom-40071,test
Bedroom-18203,test
Bedroom-752,test
Bedroom-67585,test
SecondBedroom-9100,test
MasterBedroom-1803,test
MasterBedroom-6488,test
Bedroom-367,test
MasterBedroom-10673,test
MasterBedroom-13040,test
SecondBedroom-18500,test
SecondBedroom-38435,test
MasterBedroom-17288,test
Bedroom-28863,test
SecondBedroom-46220,test
MasterBedroom-12878,test
MasterBedroom-21463,test
BedRoom-5969,test
MasterBedroom-946,test
Bedroom-23635,test
MasterBedroom-11658,test
MasterBedroom-3425,test
SecondBedroom-6800,test
Bedroom-7809,test
SecondBedroom-1688,test
MasterBedroom-10176,test
MasterBedroom-1403,test
SecondBedroom-4214,test
Bedroom-160646,test
Bedroom-36219,test
SecondBedroom-50464,test
SecondBedroom-781,test
SecondBedroom-58192,test
SecondBedroom-1756,test
SecondBedroom-16638,test
SecondBedroom-5427,test
Bedroom-10325,test
Bedroom-30790,test
Bedroom-3651,test
SecondBedroom-7947,test
Bedroom-68021,test
Bedroom-11202,test
Bedroom-5781,test
MasterBedroom-29958,test
Bedroom-7459,test
SecondBedroom-30248,test
MasterBedroom-2630,test
SecondBedroom-1916,test
MasterBedroom-19750,test
SecondBedroom-46831,test
MasterBedroom-34763,test
MasterBedroom-25068,test
Bedroom-373,test
SecondBedroom-1670,test
Bedroom-44587,test
MasterBedroom-35458,test
Bedroom-13709,test
SecondBedroom-17779,test
Bedroom-70215,test
MasterBedroom-52264,test
MasterBedroom-1167,test
Bedroom-14888,test
SecondBedroom-1070,test
SecondBedroom-13218,test
Bedroom-3173,test
Bedroom-15975,test
MasterBedroom-38383,test
MasterBedroom-7968,test
Bedroom-19428,test
Bedroom-2841,test
MasterBedroom-3979,test
MasterBedroom-13327,test
MasterBedroom-8118,test
MasterBedroom-39739,test
Bedroom-10952,test
MasterBedroom-25269,test
SecondBedroom-35905,test
SecondBedroom-10078,test
SecondBedroom-12435,test
SecondBedroom-46,test
SecondBedroom-35395,test
MasterBedroom-4676,test
Bedroom-46392,test
Bedroom-16446,test
SecondBedroom-32832,test
Bedroom-63480,test
MasterBedroom-7845,test
SecondBedroom-22641,test
Bedroom-51343,test
MasterBedroom-17590,test
MasterBedroom-51236,test
MasterBedroom-41884,test
MasterBedroom-5522,test
SecondBedroom-21695,test
MasterBedroom-23674,test
MasterBedroom-9966,test
MasterBedroom-21566,test
SecondBedroom-100131,test
MasterBedroom-53904,test
SecondBedroom-13950,test
MasterBedroom-28991,test
MasterBedroom-456,test
Bedroom-1681,test
Bedroom-207,test
SecondBedroom-99450,test
Bedroom-13740,test
SecondBedroom-712,test
MasterBedroom-89427,test
Bedroom-20073,test
Bedroom-2152,test
SecondBedroom-11912,test
MasterBedroom-118,test
MasterBedroom-44703,test
MasterBedroom-8961,test
Bedroom-5056,test
Bedroom-2394,test
Bedroom-1433,test
MasterBedroom-15089,test
MasterBedroom-12441,test
SecondBedroom-18135,test
Bedroom-15247,test
Bedroom-55017,test
Bedroom-2284,test
Bedroom-3736,test
MasterBedroom-3247,test
MasterBedroom-29129,test
MasterBedroom-2548,test
SecondBedroom-592,test
SecondBedroom-27455,test
SecondBedroom-28302,test
SecondBedroom-9241,test
MasterBedroom-58737,test
Bedroom-156,test
SecondBedroom-1807,test
Bedroom-3753,test
MasterBedroom-16791,test
SecondBedroom-14942,test
Bedroom-44609,test
SecondBedroom-13814,test
Bedroom-24375,test
SecondBedroom-14021,test
SecondBedroom-37424,test
Bedroom-8289,test
Bedroom-699,test
SecondBedroom-3022,test
SecondBedroom-10059,test
MasterBedroom-270794,test
MasterBedroom-2935,test
MasterBedroom-8653,test
MasterBedroom-43761,test
SecondBedroom-1405,test
Bedroom-1683,test
MasterBedroom-4651,test
SecondBedroom-740,test
MasterBedroom-1729,test
Bedroom-3916,test
Bedroom-21407,test
Bedroom-21016,test
BedRoom-7707,test
MasterBedroom-39571,test
SecondBedroom-2833,test
MasterBedroom-19994,test
Bedroom-455,test
MasterBedroom-79620,test
MasterBedroom-24161,test
Bedroom-50869,test
MasterBedroom-13224,test
MasterBedroom-29105,test
Bedroom-8246,test
MasterBedroom-6619,test
SecondBedroom-16096,test
MasterBedroom-24269,test
SecondBedroom-3150,test
MasterBedroom-6468,test
SecondBedroom-11711,test
Bedroom-126560,test
Bedroom-41983,test
MasterBedroom-15254,test
BedRoom-6407,test
Bedroom-9794,test
SecondBedroom-8739,test
MasterBedroom-45577,test
MasterBedroom-8131,test
MasterBedroom-18531,test
MasterBedroom-52699,test
Bedroom-12257,test
Bedroom-466,test
MasterBedroom-364,test
MasterBedroom-32484,test
Bedroom-10355,test
Bedroom-9192,test
Bedroom-6482,test
Bedroom-57639,test
MasterBedroom-72669,test
MasterBedroom-102651,test
MasterBedroom-89411,test
Bedroom-157258,test
Bedroom-18123,test
SecondBedroom-380,test
MasterBedroom-3985,test
MasterBedroom-4922,test
MasterBedroom-8906,test
SecondBedroom-13987,test
MasterBedroom-11742,test
SecondBedroom-9659,test
MasterBedroom-928,test
MasterBedroom-940,test
MasterBedroom-2401,test
SecondBedroom-17567,test
Bedroom-54434,test
Bedroom-32051,test
SecondBedroom-4588,test
SecondBedroom-140986,test
SecondBedroom-143,test
Bedroom-559,test
Bedroom-1021,test
SecondBedroom-46764,test
SecondBedroom-69556,test
SecondBedroom-2230,test
MasterBedroom-11888,test
MasterBedroom-21432,test
MasterBedroom-57730,test
Bedroom-15592,test
Bedroom-2277,test
Bedroom-128261,test
MasterBedroom-142,test
Bedroom-6294,test
Bedroom-44362,test
MasterBedroom-18673,test
MasterBedroom-11391,test
MasterBedroom-2647,test
SecondBedroom-28623,test
MasterBedroom-1212,test
SecondBedroom-14975,test
SecondBedroom-5378,test
Bedroom-2730,test
Bedroom-18974,test
SecondBedroom-11426,test
MasterBedroom-36010,test
MasterBedroom-15409,test
MasterBedroom-103832,test
SecondBedroom-41859,test
SecondBedroom-16113,test
MasterBedroom-4256,test
MasterBedroom-59979,test
SecondBedroom-21630,test
SecondBedroom-14981,test
MasterBedroom-30716,test
SecondBedroom-11596,test
MasterBedroom-267972,test
SecondBedroom-9825,test
SecondBedroom-108917,test
MasterBedroom-16174,test
SecondBedroom-10318,test
SecondBedroom-3766,test
SecondBedroom-13653,test
MasterBedroom-14994,test
MasterBedroom-854,test
MasterBedroom-10017,test
Bedroom-869,test
MasterBedroom-76130,test
SecondBedroom-9931,test
MasterBedroom-8841,test
MasterBedroom-12755,test
MasterBedroom-15595,test
SecondBedroom-168,test
Bedroom-2207,test
SecondBedroom-6002,test
MasterBedroom-442,test
MasterBedroom-10043,test
SecondBedroom-4121,test
MasterBedroom-8393,test
Bedroom-12602,test
MasterBedroom-26202,test
MasterBedroom-11294,test
Bedroom-10390,test
MasterBedroom-7891,test
MasterBedroom-14570,test
SecondBedroom-1546,test
Bedroom-171,test
SecondBedroom-22967,test
Bedroom-28795,test
SecondBedroom-15519,test
MasterBedroom-16811,test
Bedroom-1912,test
Bedroom-5388,test
MasterBedroom-32113,test
MasterBedroom-22634,test
SecondBedroom-22620,test
Bedroom-2412,test
SecondBedroom-25725,test
SecondBedroom-18175,test
Bedroom-66596,test
MasterBedroom-28445,test
SecondBedroom-21632,test
SecondBedroom-6480,test
SecondBedroom-35873,test
SecondBedroom-1986,test
MasterBedroom-333,test
Bedroom-4727,test
Bedroom-46532,test
MasterBedroom-41181,test
MasterBedroom-10267,test
SecondBedroom-68353,test
MasterBedroom-5149,test
MasterBedroom-12108,test
SecondBedroom-33650,test
SecondBedroom-32096,test
Bedroom-35611,test
MasterBedroom-95281,test
MasterBedroom-71130,test
Bedroom-2160,test
SecondBedroom-625,test
Bedroom-17297,test
SecondBedroom-1607,test
