LivingDiningRoom-24969,train
LivingDiningRoom-28056,train
LivingDiningRoom-1651,train
LivingDiningRoom-84752,train
LivingDiningRoom-4131,train
LivingDiningRoom-4125,train
LivingDiningRoom-177292,train
LivingDiningRoom-17615,train
LivingDiningRoom-127734,train
LivingDiningRoom-27164,train
LivingDiningRoom-176026,train
LivingDiningRoom-18022,train
LivingDiningRoom-4471,train
LivingDiningRoom-614,train
LivingDiningRoom-535,train
DiningRoom-14238,train
DiningRoom-3024,train
LivingDiningRoom-8297,train
LivingDiningRoom-10134,train
LivingDiningRoom-67883,train
LivingDiningRoom-42072,train
LivingDiningRoom-398,train
LivingDiningRoom-2739,train
LivingDiningRoom-7862,train
DiningRoom-76956,train
LivingDiningRoom-8095,train
DiningRoom-2519,train
LivingDiningRoom-4293,train
DiningRoom-4603,train
LivingDiningRoom-69519,train
LivingDiningRoom-162404,train
LivingDiningRoom-65030,train
LivingDiningRoom-648,train
LivingDiningRoom-37172,train
LivingDiningRoom-1900,train
LivingDiningRoom-8104,train
LivingDiningRoom-25545,train
LivingDiningRoom-78702,train
LivingDiningRoom-6886,train
DiningRoom-40664,train
LivingDiningRoom-31418,train
LivingDiningRoom-35830,train
LivingDiningRoom-10092,train
DiningRoom-5636,train
LivingDiningRoom-31345,train
LivingDiningRoom-34204,train
LivingDiningRoom-186,train
LivingDiningRoom-17688,train
LivingDiningRoom-13566,train
LivingDiningRoom-9219,train
LivingDiningRoom-15481,train
DiningRoom-28390,train
LivingDiningRoom-31936,train
LivingDiningRoom-13703,train
LivingDiningRoom-32976,train
LivingDiningRoom-6971,train
LivingDiningRoom-87566,train
LivingDiningRoom-5181,train
LivingDiningRoom-18488,train
LivingDiningRoom-3150,train
LivingDiningRoom-23314,train
LivingDiningRoom-6385,train
DiningRoom-10103,train
DiningRoom-3460,train
LivingDiningRoom-25117,train
LivingDiningRoom-5856,train
LivingDiningRoom-825,train
LivingDiningRoom-20510,train
LivingDiningRoom-46996,train
LivingDiningRoom-57979,train
LivingDiningRoom-455,train
LivingDiningRoom-2964,train
LivingDiningRoom-56789,train
LivingDiningRoom-880,train
DiningRoom-22753,train
DiningRoom-33907,train
DiningRoom-8473,train
LivingDiningRoom-5010,train
DiningRoom-10257,train
LivingDiningRoom-62183,train
DiningRoom-699,train
LivingDiningRoom-12211,train
DiningRoom-22948,train
LivingDiningRoom-3484,train
LivingDiningRoom-4827,train
DiningRoom-10331,train
DiningRoom-42781,train
LivingDiningRoom-50487,train
LivingDiningRoom-77284,train
LivingDiningRoom-6155,train
LivingDiningRoom-77193,train
LivingDiningRoom-892,train
LivingDiningRoom-16289,train
LivingDiningRoom-13439,train
LivingDiningRoom-58197,train
DiningRoom-11789,train
LivingDiningRoom-13138,train
LivingDiningRoom-3542,train
LivingDiningRoom-57219,train
LivingDiningRoom-124615,train
DiningRoom-43780,train
LivingDiningRoom-56658,train
LivingDiningRoom-5908,train
LivingDiningRoom-7013,train
LivingDiningRoom-33940,train
DiningRoom-242139,train
LivingDiningRoom-232,train
LivingDiningRoom-14873,train
LivingDiningRoom-8367,train
LivingDiningRoom-170249,train
LivingDiningRoom-22029,train
LivingDiningRoom-504,train
LivingDiningRoom-30828,train
LivingDiningRoom-102710,train
LivingDiningRoom-12578,train
LivingDiningRoom-1122,train
LivingDiningRoom-11771,train
LivingDiningRoom-41577,train
LivingDiningRoom-72618,train
LivingDiningRoom-107,train
DiningRoom-20122,train
LivingDiningRoom-1028,train
LivingDiningRoom-23133,train
LivingDiningRoom-36001,train
LivingDiningRoom-7708,train
DiningRoom-50957,train
LivingDiningRoom-771,train
LivingDiningRoom-19493,train
LivingDiningRoom-4768,train
LivingDiningRoom-37840,train
LivingDiningRoom-19131,train
LivingDiningRoom-20425,train
LivingDiningRoom-8738,train
LivingDiningRoom-6150,train
LivingDiningRoom-276836,train
LivingDiningRoom-173466,train
LivingDiningRoom-41799,train
DiningRoom-22202,train
DiningRoom-11944,train
LivingDiningRoom-3181,train
LivingDiningRoom-76810,train
DiningRoom-8790,train
DiningRoom-22259,train
DiningRoom-89532,train
DiningRoom-19847,train
LivingDiningRoom-7831,train
LivingDiningRoom-40391,train
LivingDiningRoom-33445,train
LivingDiningRoom-94483,train
DiningRoom-75295,train
LivingDiningRoom-10179,train
LivingDiningRoom-26599,train
LivingDiningRoom-10016,train
LivingDiningRoom-2046,train
LivingDiningRoom-22,train
LivingDiningRoom-1499,train
LivingDiningRoom-4894,train
LivingDiningRoom-51552,train
LivingDiningRoom-26200,train
LivingDiningRoom-58459,train
LivingDiningRoom-184411,train
LivingDiningRoom-44142,train
LivingDiningRoom-3328,train
DiningRoom-75587,train
LivingDiningRoom-12602,train
LivingDiningRoom-15114,train
LivingDiningRoom-60592,train
LivingDiningRoom-23786,train
LivingDiningRoom-13044,train
LivingDiningRoom-23725,train
LivingDiningRoom-1889,train
LivingDiningRoom-12646,train
LivingDiningRoom-3700,train
LivingDiningRoom-48869,train
DiningRoom-15222,train
LivingDiningRoom-8192,train
LivingDiningRoom-4481,train
LivingDiningRoom-268,train
LivingDiningRoom-460,train
LivingDiningRoom-10108,train
LivingDiningRoom-26053,train
LivingDiningRoom-81790,train
LivingDiningRoom-3215,train
LivingDiningRoom-26069,train
DiningRoom-18481,train
LivingDiningRoom-7751,train
LivingDiningRoom-3064,train
LivingDiningRoom-8565,train
LivingDiningRoom-34998,train
LivingDiningRoom-146209,train
LivingDiningRoom-259603,train
LivingDiningRoom-1482,train
LivingDiningRoom-2332,train
LivingDiningRoom-1415,train
LivingDiningRoom-3032,train
LivingDiningRoom-429,train
DiningRoom-2644,train
LivingDiningRoom-39478,train
LivingDiningRoom-80907,train
LivingDiningRoom-56818,train
DiningRoom-10307,train
DiningRoom-77736,train
DiningRoom-22400,train
LivingDiningRoom-5442,train
LivingDiningRoom-59355,train
LivingDiningRoom-68617,train
LivingDiningRoom-34339,train
LivingDiningRoom-507,train
DiningRoom-13592,train
LivingDiningRoom-27740,train
LivingDiningRoom-14085,train
LivingDiningRoom-162447,train
LivingDiningRoom-8033,train
LivingDiningRoom-244183,train
LivingDiningRoom-44785,train
LivingDiningRoom-381,train
LivingDiningRoom-72132,train
LivingDiningRoom-79156,train
DiningRoom-763,train
LivingDiningRoom-3380,train
LivingDiningRoom-2138,train
LivingDiningRoom-61958,train
LivingDiningRoom-914,train
LivingDiningRoom-5890,train
LivingDiningRoom-209282,train
LivingDiningRoom-33915,train
LivingDiningRoom-24240,train
LivingDiningRoom-21000,train
LivingDiningRoom-13678,train
LivingDiningRoom-16262,train
DiningRoom-15836,train
DiningRoom-18090,train
LivingDiningRoom-3807,train
LivingDiningRoom-31515,train
LivingDiningRoom-9942,train
LivingDiningRoom-8516,train
LivingDiningRoom-29413,train
LivingDiningRoom-38413,train
LivingDiningRoom-34577,train
LivingDiningRoom-26803,train
LivingDiningRoom-11069,train
DiningRoom-73373,train
LivingDiningRoom-8883,train
LivingDiningRoom-8331,train
DiningRoom-11702,train
LivingDiningRoom-34353,train
LivingDiningRoom-1334,train
LivingDiningRoom-25562,train
DiningRoom-1122,train
LivingDiningRoom-7585,train
LivingDiningRoom-34192,train
LivingDiningRoom-22011,train
LivingDiningRoom-3012,train
LivingDiningRoom-426,train
LivingDiningRoom-55121,train
DiningRoom-19695,train
LivingDiningRoom-10484,train
LivingDiningRoom-19076,train
LivingDiningRoom-25291,train
LivingDiningRoom-39576,train
DiningRoom-10563,train
LivingDiningRoom-23360,train
LivingDiningRoom-23413,train
DiningRoom-45089,train
LivingDiningRoom-29971,train
LivingDiningRoom-2241,train
DiningRoom-12217,train
LivingDiningRoom-63599,train
DiningRoom-5711,train
LivingDiningRoom-7102,train
LivingDiningRoom-10768,train
LivingDiningRoom-5087,train
LivingDiningRoom-13537,train
LivingDiningRoom-3438,train
LivingDiningRoom-14508,train
LivingDiningRoom-108,train
LivingDiningRoom-9722,train
LivingDiningRoom-27256,train
LivingDiningRoom-9581,train
DiningRoom-37221,train
LivingDiningRoom-27450,train
LivingDiningRoom-19536,train
LivingDiningRoom-35939,train
DiningRoom-12574,train
LivingDiningRoom-14685,train
LivingDiningRoom-132916,train
LivingDiningRoom-4561,train
LivingDiningRoom-14966,train
DiningRoom-33282,train
LivingDiningRoom-26436,train
LivingDiningRoom-23254,train
LivingDiningRoom-7922,train
LivingDiningRoom-14067,train
LivingDiningRoom-6908,train
LivingDiningRoom-10867,train
DiningRoom-20935,train
LivingDiningRoom-1407,train
LivingDiningRoom-751,train
LivingDiningRoom-15325,train
LivingDiningRoom-10258,train
LivingDiningRoom-56338,train
DiningRoom-233,train
LivingDiningRoom-8142,train
LivingDiningRoom-15128,train
LivingDiningRoom-4149,train
LivingDiningRoom-159251,train
LivingDiningRoom-9870,train
LivingDiningRoom-1762539,train
LivingDiningRoom-74893,train
LivingDiningRoom-42,train
DiningRoom-9649,train
LivingDiningRoom-16138,train
LivingDiningRoom-5552,train
LivingDiningRoom-70369,train
LivingDiningRoom-2344,train
LivingDiningRoom-4064,train
LivingDiningRoom-3854,train
LivingDiningRoom-3831,train
LivingDiningRoom-3209,train
DiningRoom-41611,train
LivingDiningRoom-126850,train
LivingDiningRoom-4681,train
DiningRoom-306,train
LivingDiningRoom-13038,train
LivingDiningRoom-10021,train
LivingDiningRoom-65448,train
LivingDiningRoom-11736,train
DiningRoom-13497,train
LivingDiningRoom-7674,train
LivingDiningRoom-29227,train
LivingDiningRoom-1573,train
LivingDiningRoom-3345,train
DiningRoom-16498,train
LivingDiningRoom-5279,train
LivingDiningRoom-18334,train
LivingDiningRoom-46150,train
LivingDiningRoom-128962,train
LivingDiningRoom-11113,train
LivingDiningRoom-48579,train
LivingDiningRoom-74225,train
DiningRoom-516,train
LivingDiningRoom-1701,train
LivingDiningRoom-37192,train
LivingDiningRoom-81775,train
LivingDiningRoom-124348,train
LivingDiningRoom-26523,train
LivingDiningRoom-7135,train
DiningRoom-29434,train
DiningRoom-1758,train
LivingDiningRoom-49733,train
DiningRoom-22829,train
LivingDiningRoom-5177,train
DiningRoom-16916,train
LivingDiningRoom-29829,train
LivingDiningRoom-3192,train
LivingDiningRoom-4316,train
LivingDiningRoom-176519,train
DiningRoom-2713,train
LivingDiningRoom-5939,train
LivingDiningRoom-17184,train
LivingDiningRoom-1004,train
DiningRoom-100888,train
LivingDiningRoom-220,train
LivingDiningRoom-6040,train
LivingDiningRoom-15222,train
LivingDiningRoom-9159,train
LivingDiningRoom-12109,train
LivingDiningRoom-33718,train
LivingDiningRoom-5201,train
LivingDiningRoom-9858,train
LivingDiningRoom-25659,train
LivingDiningRoom-22101,train
LivingDiningRoom-152170,train
LivingDiningRoom-491,train
LivingDiningRoom-31866,train
DiningRoom-27381,train
LivingDiningRoom-38061,train
LivingDiningRoom-48237,train
DiningRoom-4744,train
LivingDiningRoom-110921,train
LivingDiningRoom-10624,train
LivingDiningRoom-17923,train
LivingDiningRoom-1419,train
DiningRoom-196107,train
DiningRoom-29610,train
LivingDiningRoom-16072,train
LivingDiningRoom-32255,train
LivingDiningRoom-1761262,train
LivingDiningRoom-2980,train
LivingDiningRoom-1170,train
LivingDiningRoom-21253,train
LivingDiningRoom-1159,train
DiningRoom-26294,train
LivingDiningRoom-36227,train
LivingDiningRoom-12619,train
LivingDiningRoom-50574,train
LivingDiningRoom-46824,train
DiningRoom-23035,train
DiningRoom-91060,train
LivingDiningRoom-6936,train
LivingDiningRoom-6787,train
DiningRoom-17932,train
LivingDiningRoom-3376,train
DiningRoom-5013,train
LivingDiningRoom-9276,train
DiningRoom-130,train
LivingDiningRoom-14731,train
LivingDiningRoom-5486,train
LivingDiningRoom-21076,train
LivingDiningRoom-277,train
LivingDiningRoom-45017,train
DiningRoom-2180,train
LivingDiningRoom-7160,train
LivingDiningRoom-2300,train
LivingDiningRoom-13047,train
DiningRoom-17297,train
LivingDiningRoom-12577,train
LivingDiningRoom-2328,train
LivingDiningRoom-1272,train
DiningRoom-9753,train
DiningRoom-26076,train
LivingDiningRoom-46422,train
LivingDiningRoom-7386,train
LivingDiningRoom-32393,train
LivingDiningRoom-837,train
LivingDiningRoom-2522,train
LivingDiningRoom-58936,train
LivingDiningRoom-31506,train
LivingDiningRoom-109523,train
LivingDiningRoom-28748,train
DiningRoom-117137,train
LivingDiningRoom-8752,train
LivingDiningRoom-76216,train
LivingDiningRoom-70142,train
LivingDiningRoom-13700,train
LivingDiningRoom-24902,train
LivingDiningRoom-29614,train
LivingDiningRoom-37196,train
LivingDiningRoom-26347,train
DiningRoom-11103,train
LivingDiningRoom-3498,train
DiningRoom-3185,train
LivingDiningRoom-1140,train
LivingDiningRoom-2652,train
LivingDiningRoom-11161,train
DiningRoom-18444,train
DiningRoom-23398,train
LivingDiningRoom-28193,train
LivingDiningRoom-6259,train
DiningRoom-35356,train
DiningRoom-9584,train
LivingDiningRoom-18908,train
LivingDiningRoom-18932,train
LivingDiningRoom-7865,train
LivingDiningRoom-6842,train
LivingDiningRoom-99898,train
LivingDiningRoom-13072,train
LivingDiningRoom-1520,train
LivingDiningRoom-30159,train
LivingDiningRoom-108722,train
LivingDiningRoom-30264,train
DiningRoom-21420,train
LivingDiningRoom-8945,train
LivingDiningRoom-39480,train
LivingDiningRoom-1307,train
LivingDiningRoom-3910,train
LivingDiningRoom-18918,train
DiningRoom-13998,train
LivingDiningRoom-7050,train
LivingDiningRoom-9463,train
LivingDiningRoom-13403,train
LivingDiningRoom-19284,train
DiningRoom-13952,train
LivingDiningRoom-11552,train
DiningRoom-17581,train
LivingDiningRoom-3620,train
LivingDiningRoom-37928,train
LivingDiningRoom-4689,train
LivingDiningRoom-34090,train
LivingDiningRoom-13653,train
LivingDiningRoom-19349,train
DiningRoom-1962,train
LivingDiningRoom-9367,train
LivingDiningRoom-28867,train
LivingDiningRoom-168377,train
LivingDiningRoom-28031,train
LivingDiningRoom-16027,train
DiningRoom-41637,train
DiningRoom-1004,train
LivingDiningRoom-9272,train
LivingDiningRoom-44053,train
LivingDiningRoom-18864,train
LivingDiningRoom-5503,train
LivingDiningRoom-1965,train
LivingDiningRoom-212406,train
LivingDiningRoom-64294,train
LivingDiningRoom-762,train
DiningRoom-76784,train
LivingDiningRoom-37289,train
LivingDiningRoom-81877,train
LivingDiningRoom-25512,train
LivingDiningRoom-20298,train
LivingDiningRoom-18879,train
LivingDiningRoom-20779,train
LivingDiningRoom-7057,train
DiningRoom-13684,train
LivingDiningRoom-54356,train
LivingDiningRoom-26094,train
LivingDiningRoom-163256,train
LivingDiningRoom-3513,train
LivingDiningRoom-15790,train
DiningRoom-27423,train
LivingDiningRoom-20422,train
DiningRoom-25949,train
LivingDiningRoom-29182,train
LivingDiningRoom-24805,train
DiningRoom-12423,train
LivingDiningRoom-34906,train
LivingDiningRoom-3811,train
LivingDiningRoom-4501,train
LivingDiningRoom-32392,train
LivingDiningRoom-4879,train
DiningRoom-34315,train
LivingDiningRoom-70537,train
LivingDiningRoom-2897,train
LivingDiningRoom-16369,train
LivingDiningRoom-1566,train
DiningRoom-55754,train
LivingDiningRoom-23744,train
LivingDiningRoom-1389,train
LivingDiningRoom-4585,train
LivingDiningRoom-39667,train
LivingDiningRoom-68183,train
LivingDiningRoom-18167,train
LivingDiningRoom-3999,train
DiningRoom-69004,train
LivingDiningRoom-6202,train
LivingDiningRoom-5414,train
LivingDiningRoom-8736,train
LivingDiningRoom-137481,train
LivingDiningRoom-6601,train
LivingDiningRoom-89031,train
DiningRoom-67006,train
LivingDiningRoom-223781,train
LivingDiningRoom-100604,train
LivingDiningRoom-8990,train
LivingDiningRoom-18089,train
LivingDiningRoom-45153,train
DiningRoom-92623,train
LivingDiningRoom-6746,train
LivingDiningRoom-12344,train
LivingDiningRoom-16646,train
LivingDiningRoom-11895,train
LivingDiningRoom-2919,train
LivingDiningRoom-1679,train
LivingDiningRoom-53598,train
LivingDiningRoom-29062,train
LivingDiningRoom-2359,train
LivingDiningRoom-25231,train
LivingDiningRoom-16253,train
LivingDiningRoom-12873,train
DiningRoom-17262,train
LivingDiningRoom-27364,train
DiningRoom-41151,train
LivingDiningRoom-16265,train
LivingDiningRoom-29822,train
LivingDiningRoom-37229,train
DiningRoom-28422,train
LivingDiningRoom-527,train
LivingDiningRoom-180855,train
LivingDiningRoom-5053,train
LivingDiningRoom-9769,train
LivingDiningRoom-112491,train
LivingDiningRoom-1538,train
LivingDiningRoom-74522,train
LivingDiningRoom-20597,train
LivingDiningRoom-6580,train
LivingDiningRoom-22827,train
DiningRoom-171210,train
LivingDiningRoom-15244,train
LivingDiningRoom-9763,train
DiningRoom-36032,train
LivingDiningRoom-9992,train
LivingDiningRoom-74705,train
LivingDiningRoom-50633,train
LivingDiningRoom-334,train
DiningRoom-9286,train
LivingDiningRoom-840,train
LivingDiningRoom-9530,train
LivingDiningRoom-23067,train
LivingDiningRoom-62928,train
LivingDiningRoom-13702,train
DiningRoom-6513,train
LivingDiningRoom-43353,train
LivingDiningRoom-31754,train
LivingDiningRoom-17084,train
LivingDiningRoom-44720,train
LivingDiningRoom-9828,train
DiningRoom-20613,train
LivingDiningRoom-26837,train
LivingDiningRoom-13927,train
LivingDiningRoom-2209,train
LivingDiningRoom-5310,train
LivingDiningRoom-65973,train
LivingDiningRoom-20777,train
LivingDiningRoom-24924,train
LivingDiningRoom-30876,train
DiningRoom-14660,train
LivingDiningRoom-108064,train
LivingDiningRoom-35492,train
LivingDiningRoom-5956,train
LivingDiningRoom-678,train
LivingDiningRoom-11875,train
LivingDiningRoom-6582,train
LivingDiningRoom-6171,train
LivingDiningRoom-124277,train
DiningRoom-16306,train
LivingDiningRoom-27644,train
LivingDiningRoom-31210,train
LivingDiningRoom-2316,train
LivingDiningRoom-9517,train
DiningRoom-252626,train
LivingDiningRoom-24276,train
LivingDiningRoom-54136,train
LivingDiningRoom-8799,train
LivingDiningRoom-1110,train
LivingDiningRoom-76816,train
LivingDiningRoom-11797,train
LivingDiningRoom-10913,train
LivingDiningRoom-6697,train
LivingDiningRoom-48904,train
LivingDiningRoom-3737,train
LivingDiningRoom-218030,train
DiningRoom-6050,train
LivingDiningRoom-7375,train
LivingDiningRoom-128304,train
LivingDiningRoom-1763175,train
LivingDiningRoom-8120,train
LivingDiningRoom-35325,train
LivingDiningRoom-3013,train
LivingDiningRoom-39781,train
DiningRoom-273,train
LivingDiningRoom-35067,train
LivingDiningRoom-3349,train
DiningRoom-15882,train
LivingDiningRoom-4122,train
DiningRoom-15177,train
LivingDiningRoom-36660,train
LivingDiningRoom-13039,train
LivingDiningRoom-21045,train
LivingDiningRoom-86,train
LivingDiningRoom-143705,train
LivingDiningRoom-45302,train
LivingDiningRoom-3061,train
DiningRoom-75475,train
LivingDiningRoom-27006,train
LivingDiningRoom-37486,train
LivingDiningRoom-31431,train
LivingDiningRoom-11598,train
LivingDiningRoom-76356,train
DiningRoom-97354,train
LivingDiningRoom-11284,train
LivingDiningRoom-53390,train
LivingDiningRoom-956,train
DiningRoom-71866,train
LivingDiningRoom-98003,train
LivingDiningRoom-4906,train
LivingDiningRoom-148830,train
LivingDiningRoom-45001,train
LivingDiningRoom-103719,train
DiningRoom-42346,train
LivingDiningRoom-12283,train
LivingDiningRoom-19612,train
LivingDiningRoom-5222,train
LivingDiningRoom-75530,train
LivingDiningRoom-10350,train
LivingDiningRoom-3023,train
LivingDiningRoom-145240,train
LivingDiningRoom-57244,train
LivingDiningRoom-4544,train
LivingDiningRoom-8886,train
LivingDiningRoom-379,train
DiningRoom-26825,train
LivingDiningRoom-20514,train
LivingDiningRoom-21372,train
LivingDiningRoom-33417,train
LivingDiningRoom-25947,train
LivingDiningRoom-517,train
LivingDiningRoom-13662,train
LivingDiningRoom-11555,train
LivingDiningRoom-387499,train
LivingDiningRoom-1711,train
LivingDiningRoom-57707,train
LivingDiningRoom-9081,train
DiningRoom-21611,train
LivingDiningRoom-17627,train
LivingDiningRoom-6109,train
LivingDiningRoom-13632,train
LivingDiningRoom-10610,train
LivingDiningRoom-39669,train
LivingDiningRoom-974,train
LivingDiningRoom-11939,train
LivingDiningRoom-62277,train
LivingDiningRoom-74474,train
LivingDiningRoom-36763,train
LivingDiningRoom-586460,train
LivingDiningRoom-15907,train
LivingDiningRoom-1764,train
DiningRoom-10922,train
DiningRoom-5578,train
LivingDiningRoom-31273,train
LivingDiningRoom-18809,train
LivingDiningRoom-20242,train
LivingDiningRoom-1287,train
LivingDiningRoom-63837,train
LivingDiningRoom-5446,train
LivingDiningRoom-10069,train
LivingDiningRoom-139436,train
LivingDiningRoom-65070,train
LivingDiningRoom-5013,train
LivingDiningRoom-1592,train
DiningRoom-21658,train
LivingDiningRoom-2432,train
LivingDiningRoom-4474,train
DiningRoom-15868,train
LivingDiningRoom-46669,train
LivingDiningRoom-19646,train
DiningRoom-3622,train
LivingDiningRoom-43258,train
LivingDiningRoom-15529,train
LivingDiningRoom-65025,train
LivingDiningRoom-3766,train
LivingDiningRoom-13900,train
LivingDiningRoom-1080,train
LivingDiningRoom-21946,train
LivingDiningRoom-35237,train
LivingDiningRoom-582952,train
LivingDiningRoom-19432,train
LivingDiningRoom-1933,train
LivingDiningRoom-31395,train
LivingDiningRoom-7999,train
LivingDiningRoom-24540,train
DiningRoom-27196,train
DiningRoom-12364,train
LivingDiningRoom-13570,train
LivingDiningRoom-2122,train
LivingDiningRoom-21623,train
LivingDiningRoom-8678,train
DiningRoom-31213,train
DiningRoom-3564,train
LivingDiningRoom-17525,train
LivingDiningRoom-29669,train
LivingDiningRoom-14473,train
LivingDiningRoom-33283,train
LivingDiningRoom-31878,train
LivingDiningRoom-13172,train
LivingDiningRoom-9621,train
LivingDiningRoom-35413,train
LivingDiningRoom-65225,train
LivingDiningRoom-26101,train
LivingDiningRoom-11292,train
LivingDiningRoom-61800,train
LivingDiningRoom-4473,train
DiningRoom-17644,train
LivingDiningRoom-101847,train
DiningRoom-32107,train
LivingDiningRoom-54606,train
LivingDiningRoom-248,train
DiningRoom-1814,train
DiningRoom-12335,train
LivingDiningRoom-7363,train
LivingDiningRoom-6157,train
LivingDiningRoom-7940,train
LivingDiningRoom-8999,train
DiningRoom-14569,train
LivingDiningRoom-19935,train
LivingDiningRoom-2439,train
DiningRoom-27308,train
LivingDiningRoom-5688,train
LivingDiningRoom-12191,train
LivingDiningRoom-20518,train
LivingDiningRoom-3777,train
LivingDiningRoom-50008,train
LivingDiningRoom-31520,train
LivingDiningRoom-31906,train
LivingDiningRoom-6680,train
LivingDiningRoom-68575,train
LivingDiningRoom-3936,train
DiningRoom-14739,train
LivingDiningRoom-734,train
LivingDiningRoom-13594,train
LivingDiningRoom-40130,train
DiningRoom-19197,train
LivingDiningRoom-10245,train
LivingDiningRoom-3372,train
DiningRoom-27853,train
LivingDiningRoom-17276,train
LivingDiningRoom-9241,train
LivingDiningRoom-37551,train
LivingDiningRoom-1344,train
LivingDiningRoom-2999,train
LivingDiningRoom-2508,train
LivingDiningRoom-846,train
DiningRoom-91678,train
LivingDiningRoom-29144,train
LivingDiningRoom-45488,train
LivingDiningRoom-41173,train
LivingDiningRoom-8375,train
LivingDiningRoom-57827,train
LivingDiningRoom-3769,train
LivingDiningRoom-4257,train
LivingDiningRoom-19390,train
DiningRoom-53897,train
LivingDiningRoom-26356,train
LivingDiningRoom-73383,train
LivingDiningRoom-38356,train
LivingDiningRoom-58272,train
DiningRoom-444,train
LivingDiningRoom-21601,train
LivingDiningRoom-9995,train
LivingDiningRoom-11958,train
LivingDiningRoom-95189,train
LivingDiningRoom-5684,train
LivingDiningRoom-10509,train
DiningRoom-70209,train
LivingDiningRoom-1565,train
DiningRoom-1650,train
LivingDiningRoom-10562,train
DiningRoom-5417,train
LivingDiningRoom-4385,train
LivingDiningRoom-49941,train
LivingDiningRoom-81470,train
LivingDiningRoom-27102,train
DiningRoom-33943,train
LivingDiningRoom-21980,train
LivingDiningRoom-41538,train
LivingDiningRoom-6079,train
LivingDiningRoom-22965,train
DiningRoom-31514,train
LivingDiningRoom-64430,train
LivingDiningRoom-10413,train
DiningRoom-46322,train
LivingDiningRoom-51298,train
LivingDiningRoom-6501,train
LivingDiningRoom-36077,train
LivingDiningRoom-79295,train
LivingDiningRoom-106046,train
LivingDiningRoom-24287,train
LivingDiningRoom-4820,train
DiningRoom-12526,train
DiningRoom-45454,train
LivingDiningRoom-2806,train
LivingDiningRoom-8814,train
DiningRoom-20887,train
LivingDiningRoom-10550,train
DiningRoom-4330,train
LivingDiningRoom-15390,train
LivingDiningRoom-7730,train
LivingDiningRoom-57583,train
LivingDiningRoom-20817,train
LivingDiningRoom-22571,train
LivingDiningRoom-26288,train
LivingDiningRoom-41067,train
LivingDiningRoom-9921,train
LivingDiningRoom-34678,train
LivingDiningRoom-83166,train
LivingDiningRoom-1446,train
LivingDiningRoom-16634,train
LivingDiningRoom-46408,train
LivingDiningRoom-12564,train
LivingDiningRoom-47214,train
LivingDiningRoom-22874,train
DiningRoom-12475,train
LivingDiningRoom-60607,train
LivingDiningRoom-14929,train
LivingDiningRoom-30809,train
LivingDiningRoom-9597,train
LivingDiningRoom-42833,train
LivingDiningRoom-56654,train
LivingDiningRoom-16763,train
LivingDiningRoom-35319,train
LivingDiningRoom-16314,train
LivingDiningRoom-41235,train
LivingDiningRoom-26193,train
LivingDiningRoom-79190,train
LivingDiningRoom-2065,train
DiningRoom-77348,train
LivingDiningRoom-15997,train
LivingDiningRoom-14618,train
LivingDiningRoom-35273,train
LivingDiningRoom-43447,train
LivingDiningRoom-53709,train
DiningRoom-18888,train
LivingDiningRoom-2109,train
LivingDiningRoom-1994,train
DiningRoom-18380,train
LivingDiningRoom-21803,train
DiningRoom-2469,train
LivingDiningRoom-8122,train
DiningRoom-5313,train
LivingDiningRoom-16181,train
DiningRoom-6579,train
LivingDiningRoom-15929,train
LivingDiningRoom-12993,train
LivingDiningRoom-544,train
LivingDiningRoom-66502,train
LivingDiningRoom-7124,train
LivingDiningRoom-2077,train
LivingDiningRoom-18037,train
LivingDiningRoom-10479,train
LivingDiningRoom-136982,train
DiningRoom-7733,train
LivingDiningRoom-50495,train
LivingDiningRoom-2954,train
LivingDiningRoom-17293,train
DiningRoom-675761,train
DiningRoom-56998,train
DiningRoom-12832,train
LivingDiningRoom-14159,train
LivingDiningRoom-34305,train
DiningRoom-21570,train
DiningRoom-9557,train
LivingDiningRoom-19270,train
LivingDiningRoom-17287,train
DiningRoom-2307,train
LivingDiningRoom-1447,train
DiningRoom-4167,train
LivingDiningRoom-4144,train
LivingDiningRoom-15478,train
LivingDiningRoom-12166,train
LivingDiningRoom-6369,train
LivingDiningRoom-6989,train
LivingDiningRoom-29708,train
LivingDiningRoom-21391,train
LivingDiningRoom-54384,train
LivingDiningRoom-14261,train
DiningRoom-8044,train
LivingDiningRoom-7965,train
LivingDiningRoom-10104,train
LivingDiningRoom-57605,train
LivingDiningRoom-23474,train
LivingDiningRoom-28873,train
LivingDiningRoom-3874,train
DiningRoom-71750,train
LivingDiningRoom-20601,train
LivingDiningRoom-2293,train
LivingDiningRoom-18578,train
LivingDiningRoom-21498,train
LivingDiningRoom-37821,train
LivingDiningRoom-61351,train
DiningRoom-15848,train
LivingDiningRoom-7679,train
LivingDiningRoom-13259,train
LivingDiningRoom-12058,train
LivingDiningRoom-54190,train
LivingDiningRoom-9340,train
LivingDiningRoom-22654,train
LivingDiningRoom-1201,train
LivingDiningRoom-3483,train
LivingDiningRoom-82096,train
LivingDiningRoom-7942,train
LivingDiningRoom-19157,train
LivingDiningRoom-38341,train
LivingDiningRoom-1921,train
LivingDiningRoom-18382,train
LivingDiningRoom-8302,train
LivingDiningRoom-116594,train
LivingDiningRoom-234263,train
LivingDiningRoom-37710,train
LivingDiningRoom-45363,train
LivingDiningRoom-154453,train
DiningRoom-69458,train
LivingDiningRoom-21871,train
LivingDiningRoom-1362,train
LivingDiningRoom-1549,train
LivingDiningRoom-1289,train
LivingDiningRoom-3263,train
LivingDiningRoom-20720,train
LivingDiningRoom-1037,train
LivingDiningRoom-9931,train
LivingDiningRoom-32592,train
LivingDiningRoom-36908,train
LivingDiningRoom-56195,train
LivingDiningRoom-842,train
LivingDiningRoom-89405,train
LivingDiningRoom-93820,train
LivingDiningRoom-32666,train
LivingDiningRoom-7028,train
LivingDiningRoom-14619,train
LivingDiningRoom-21484,train
LivingDiningRoom-85975,train
DiningRoom-100009,train
LivingDiningRoom-13252,train
DiningRoom-71949,train
LivingDiningRoom-4115,train
DiningRoom-37707,train
LivingDiningRoom-373,train
LivingDiningRoom-32204,train
LivingDiningRoom-60728,train
LivingDiningRoom-553,train
LivingDiningRoom-11960,train
LivingDiningRoom-5677,train
LivingDiningRoom-4096,train
DiningRoom-6204,train
LivingDiningRoom-25038,train
LivingDiningRoom-36321,train
LivingDiningRoom-13536,train
LivingDiningRoom-18544,train
DiningRoom-22307,train
LivingDiningRoom-15208,train
LivingDiningRoom-61628,train
LivingDiningRoom-4682,train
LivingDiningRoom-18,train
LivingDiningRoom-69843,train
DiningRoom-17793,train
LivingDiningRoom-2523,train
LivingDiningRoom-61857,train
LivingDiningRoom-2486,train
LivingDiningRoom-5153,train
LivingDiningRoom-7249,train
LivingDiningRoom-1354,train
LivingDiningRoom-10085,train
LivingDiningRoom-13061,train
LivingDiningRoom-12287,train
LivingDiningRoom-279,train
LivingDiningRoom-10485,train
DiningRoom-3539,train
LivingDiningRoom-5560,train
LivingDiningRoom-14772,train
LivingDiningRoom-119029,train
LivingDiningRoom-902,train
LivingDiningRoom-4536,train
LivingDiningRoom-2815,train
LivingDiningRoom-707,train
LivingDiningRoom-3163,train
LivingDiningRoom-46873,train
LivingDiningRoom-28092,train
LivingDiningRoom-8406,train
DiningRoom-18833,train
LivingDiningRoom-1795,train
LivingDiningRoom-13274,train
LivingDiningRoom-22074,train
LivingDiningRoom-22060,train
LivingDiningRoom-19024,train
LivingDiningRoom-58975,train
DiningRoom-5065,train
LivingDiningRoom-11244,train
LivingDiningRoom-20523,train
LivingDiningRoom-11325,train
LivingDiningRoom-1006,train
LivingDiningRoom-25353,train
DiningRoom-14251,train
LivingDiningRoom-48528,train
DiningRoom-7353,train
DiningRoom-25865,train
LivingDiningRoom-10026,train
LivingDiningRoom-11165,train
LivingDiningRoom-2973,train
LivingDiningRoom-53560,train
LivingDiningRoom-11218,train
LivingDiningRoom-5217,train
LivingDiningRoom-12414,train
DiningRoom-4028,train
DiningRoom-107223,train
LivingDiningRoom-54045,train
LivingDiningRoom-10620,train
LivingDiningRoom-52399,train
LivingDiningRoom-16103,train
LivingDiningRoom-81390,train
LivingDiningRoom-52974,train
LivingDiningRoom-2884,train
LivingDiningRoom-33892,train
LivingDiningRoom-1750,train
LivingDiningRoom-44120,train
LivingDiningRoom-9254,train
DiningRoom-10792,train
LivingDiningRoom-35857,train
LivingDiningRoom-6324,train
LivingDiningRoom-10684,train
LivingDiningRoom-61719,train
LivingDiningRoom-135185,train
DiningRoom-48108,train
LivingDiningRoom-45994,train
LivingDiningRoom-18418,train
DiningRoom-40459,train
LivingDiningRoom-4192,train
LivingDiningRoom-10469,train
LivingDiningRoom-1771,train
LivingDiningRoom-3911,train
LivingDiningRoom-226690,train
LivingDiningRoom-8843,train
LivingDiningRoom-101119,train
LivingDiningRoom-114074,train
DiningRoom-39646,train
LivingDiningRoom-60442,train
LivingDiningRoom-537,train
DiningRoom-31702,train
LivingDiningRoom-7870,train
LivingDiningRoom-173006,train
LivingDiningRoom-10339,train
LivingDiningRoom-10578,train
DiningRoom-7959,train
DiningRoom-78405,train
DiningRoom-23097,train
LivingDiningRoom-281,train
LivingDiningRoom-19680,train
DiningRoom-2520,train
LivingDiningRoom-55608,train
LivingDiningRoom-16458,train
LivingDiningRoom-27805,train
LivingDiningRoom-15455,train
LivingDiningRoom-8344,train
LivingDiningRoom-237560,train
LivingDiningRoom-37353,train
LivingDiningRoom-103021,train
DiningRoom-275181,train
LivingDiningRoom-17558,train
LivingDiningRoom-19623,train
LivingDiningRoom-199957,train
LivingDiningRoom-7287,train
DiningRoom-2131,train
DiningRoom-6942,train
DiningRoom-19388,train
LivingDiningRoom-27263,train
LivingDiningRoom-5080,train
LivingDiningRoom-13075,train
DiningRoom-1168,train
LivingDiningRoom-28017,train
DiningRoom-11161,train
LivingDiningRoom-355,train
LivingDiningRoom-5333,train
LivingDiningRoom-828,train
LivingDiningRoom-514,train
LivingDiningRoom-6010,train
LivingDiningRoom-8714,train
DiningRoom-32785,train
LivingDiningRoom-148559,train
LivingDiningRoom-84709,train
DiningRoom-4628,train
LivingDiningRoom-15768,train
LivingDiningRoom-12895,train
LivingDiningRoom-498787,train
LivingDiningRoom-10595,train
LivingDiningRoom-3823,train
DiningRoom-4509,train
LivingDiningRoom-18482,train
LivingDiningRoom-2056,train
LivingDiningRoom-28283,train
LivingDiningRoom-42540,train
LivingDiningRoom-52076,train
LivingDiningRoom-5119,train
LivingDiningRoom-8201,train
LivingDiningRoom-72695,train
LivingDiningRoom-12092,train
LivingDiningRoom-10332,train
LivingDiningRoom-17107,train
LivingDiningRoom-75271,train
LivingDiningRoom-1531,train
LivingDiningRoom-6034,train
DiningRoom-154097,train
LivingDiningRoom-7036,train
LivingDiningRoom-149139,train
LivingDiningRoom-4185,train
DiningRoom-133183,train
LivingDiningRoom-515,train
LivingDiningRoom-5790,train
LivingDiningRoom-52613,train
LivingDiningRoom-13779,train
LivingDiningRoom-3047,train
LivingDiningRoom-9293,train
LivingDiningRoom-3986,train
LivingDiningRoom-24435,train
LivingDiningRoom-159,train
LivingDiningRoom-1231,train
LivingDiningRoom-18581,train
LivingDiningRoom-128466,train
LivingDiningRoom-15731,train
LivingDiningRoom-15377,train
LivingDiningRoom-11122,train
LivingDiningRoom-9821,train
DiningRoom-486,train
LivingDiningRoom-11801,train
LivingDiningRoom-1763072,train
LivingDiningRoom-3232,train
LivingDiningRoom-4811,train
LivingDiningRoom-38311,train
LivingDiningRoom-78331,train
LivingDiningRoom-88963,train
DiningRoom-56090,train
LivingDiningRoom-4370,train
LivingDiningRoom-60564,train
LivingDiningRoom-15409,train
LivingDiningRoom-2636,train
LivingDiningRoom-173587,train
DiningRoom-21748,train
LivingDiningRoom-29341,train
LivingDiningRoom-223,train
LivingDiningRoom-21674,train
LivingDiningRoom-13623,train
LivingDiningRoom-9629,train
LivingDiningRoom-5082,train
LivingDiningRoom-28459,train
DiningRoom-14211,train
LivingDiningRoom-73707,train
DiningRoom-33429,train
LivingDiningRoom-61522,train
LivingDiningRoom-2917,train
DiningRoom-259036,train
LivingDiningRoom-1664,train
LivingDiningRoom-3531,train
LivingDiningRoom-1991,train
DiningRoom-35087,train
LivingDiningRoom-39897,train
DiningRoom-21281,train
LivingDiningRoom-1984,train
LivingDiningRoom-15484,train
DiningRoom-46638,train
LivingDiningRoom-48212,train
LivingDiningRoom-45836,train
LivingDiningRoom-36786,train
LivingDiningRoom-5252,train
LivingDiningRoom-19221,train
LivingDiningRoom-24470,train
LivingDiningRoom-86060,train
LivingDiningRoom-14861,train
LivingDiningRoom-21284,train
LivingDiningRoom-1149,train
LivingDiningRoom-17406,train
LivingDiningRoom-3025,train
LivingDiningRoom-36702,train
LivingDiningRoom-70408,train
LivingDiningRoom-79884,train
LivingDiningRoom-2775,train
DiningRoom-9293,train
DiningRoom-16563,train
DiningRoom-150053,train
DiningRoom-2338,train
DiningRoom-5692,train
LivingDiningRoom-6533,train
LivingDiningRoom-15055,train
LivingDiningRoom-46313,train
LivingDiningRoom-35029,train
LivingDiningRoom-22836,train
LivingDiningRoom-56499,train
LivingDiningRoom-84890,train
LivingDiningRoom-29117,train
LivingDiningRoom-6845,train
LivingDiningRoom-7038,train
LivingDiningRoom-2478,train
LivingDiningRoom-259192,train
LivingDiningRoom-91005,train
DiningRoom-31673,train
LivingDiningRoom-28924,train
LivingDiningRoom-9549,train
LivingDiningRoom-40788,train
LivingDiningRoom-11510,train
LivingDiningRoom-29268,train
LivingDiningRoom-7274,train
LivingDiningRoom-44165,train
LivingDiningRoom-5444,train
DiningRoom-17116,train
LivingDiningRoom-12394,train
LivingDiningRoom-11500,train
LivingDiningRoom-3354,train
LivingDiningRoom-1123,train
LivingDiningRoom-2783,train
LivingDiningRoom-21832,train
LivingDiningRoom-43900,train
LivingDiningRoom-7165,train
LivingDiningRoom-39432,train
LivingDiningRoom-10256,train
LivingDiningRoom-7121,train
LivingDiningRoom-16427,train
LivingDiningRoom-4463,train
LivingDiningRoom-698,train
DiningRoom-8661,train
LivingDiningRoom-241089,train
LivingDiningRoom-3416,train
DiningRoom-30355,train
LivingDiningRoom-4271,train
LivingDiningRoom-2447,train
LivingDiningRoom-16466,train
LivingDiningRoom-70961,train
LivingDiningRoom-22126,train
DiningRoom-40738,train
LivingDiningRoom-15722,train
LivingDiningRoom-67456,train
LivingDiningRoom-2031,train
DiningRoom-65753,train
LivingDiningRoom-838,train
DiningRoom-48357,train
LivingDiningRoom-28607,train
LivingDiningRoom-7033,train
LivingDiningRoom-11151,train
LivingDiningRoom-17088,train
DiningRoom-3356,train
LivingDiningRoom-53432,train
LivingDiningRoom-28105,train
LivingDiningRoom-4143,train
LivingDiningRoom-1561,train
LivingDiningRoom-9479,train
LivingDiningRoom-30557,train
DiningRoom-47514,train
LivingDiningRoom-243010,train
LivingDiningRoom-3581,train
LivingDiningRoom-453,train
DiningRoom-39011,train
LivingDiningRoom-12319,train
LivingDiningRoom-54029,train
LivingDiningRoom-229707,train
LivingDiningRoom-51556,train
LivingDiningRoom-2576,train
DiningRoom-291692,train
LivingDiningRoom-37793,train
LivingDiningRoom-9192,train
LivingDiningRoom-19626,train
LivingDiningRoom-10711,train
LivingDiningRoom-11830,train
LivingDiningRoom-2610,train
DiningRoom-9206,train
LivingDiningRoom-24525,train
LivingDiningRoom-251550,train
LivingDiningRoom-24493,train
LivingDiningRoom-54135,train
LivingDiningRoom-312,train
LivingDiningRoom-7766,train
LivingDiningRoom-6257,train
LivingDiningRoom-17556,train
LivingDiningRoom-52497,train
DiningRoom-2101,train
LivingDiningRoom-47932,train
DiningRoom-15480,train
LivingDiningRoom-4587,train
LivingDiningRoom-578191,train
LivingDiningRoom-27589,train
LivingDiningRoom-5614,train
LivingDiningRoom-192367,train
LivingDiningRoom-11608,train
DiningRoom-68994,train
DiningRoom-31759,train
LivingDiningRoom-24997,train
LivingDiningRoom-10703,train
LivingDiningRoom-28130,train
LivingDiningRoom-5733,train
LivingDiningRoom-6267,train
LivingDiningRoom-17782,train
LivingDiningRoom-64952,train
LivingDiningRoom-26903,train
LivingDiningRoom-48055,train
LivingDiningRoom-93491,train
LivingDiningRoom-2143,train
DiningRoom-7064,train
LivingDiningRoom-25608,train
DiningRoom-25034,train
DiningRoom-19938,train
LivingDiningRoom-300,train
LivingDiningRoom-148086,train
LivingDiningRoom-5774,train
LivingDiningRoom-12916,train
LivingDiningRoom-59734,train
LivingDiningRoom-2520,train
LivingDiningRoom-79863,train
LivingDiningRoom-60826,train
LivingDiningRoom-1625,train
LivingDiningRoom-31684,train
LivingDiningRoom-5305,train
DiningRoom-10543,train
LivingDiningRoom-1516,train
LivingDiningRoom-30043,train
LivingDiningRoom-452,train
DiningRoom-1860,train
LivingDiningRoom-66938,train
LivingDiningRoom-13620,train
LivingDiningRoom-31611,train
LivingDiningRoom-60539,train
LivingDiningRoom-11072,train
LivingDiningRoom-71271,train
LivingDiningRoom-44319,train
DiningRoom-47598,train
LivingDiningRoom-9815,train
LivingDiningRoom-11637,train
LivingDiningRoom-4812,train
DiningRoom-118252,train
DiningRoom-4026,train
DiningRoom-30756,train
LivingDiningRoom-4468,train
LivingDiningRoom-15471,train
LivingDiningRoom-3278,train
LivingDiningRoom-6789,train
DiningRoom-8344,train
DiningRoom-14049,train
LivingDiningRoom-12442,train
DiningRoom-34207,train
LivingDiningRoom-22096,train
LivingDiningRoom-62241,train
LivingDiningRoom-8718,train
LivingDiningRoom-420,train
DiningRoom-135699,train
LivingDiningRoom-25794,train
DiningRoom-20548,train
LivingDiningRoom-66312,train
LivingDiningRoom-5502,train
LivingDiningRoom-24045,train
LivingDiningRoom-13879,train
DiningRoom-43342,train
LivingDiningRoom-22775,train
LivingDiningRoom-110103,train
LivingDiningRoom-140230,train
LivingDiningRoom-31700,train
LivingDiningRoom-57414,train
LivingDiningRoom-1243,train
LivingDiningRoom-18256,train
DiningRoom-35545,train
LivingDiningRoom-38649,train
LivingDiningRoom-47146,train
DiningRoom-27660,train
LivingDiningRoom-24410,train
LivingDiningRoom-13574,train
LivingDiningRoom-18180,train
LivingDiningRoom-35947,train
LivingDiningRoom-14491,train
DiningRoom-69071,train
DiningRoom-11196,train
LivingDiningRoom-12325,train
LivingDiningRoom-42983,train
LivingDiningRoom-216,train
LivingDiningRoom-9014,train
LivingDiningRoom-68763,train
LivingDiningRoom-3480,train
LivingDiningRoom-6966,train
LivingDiningRoom-29981,train
LivingDiningRoom-39679,train
LivingDiningRoom-16531,train
LivingDiningRoom-43360,train
LivingDiningRoom-1379,train
LivingDiningRoom-56999,train
LivingDiningRoom-22861,train
LivingDiningRoom-11539,train
DiningRoom-12178,train
DiningRoom-2176,train
LivingDiningRoom-326,train
LivingDiningRoom-18273,train
DiningRoom-63838,train
DiningRoom-4927,train
DiningRoom-29375,train
DiningRoom-35823,train
LivingDiningRoom-5909,train
LivingDiningRoom-61187,train
LivingDiningRoom-1007,train
LivingDiningRoom-4294,train
LivingDiningRoom-26031,train
LivingDiningRoom-12401,train
LivingDiningRoom-5278,train
LivingDiningRoom-19339,train
DiningRoom-3538,train
DiningRoom-15022,train
LivingDiningRoom-5131,train
LivingDiningRoom-56772,train
LivingDiningRoom-10362,train
LivingDiningRoom-62199,train
LivingDiningRoom-201,train
DiningRoom-14960,train
LivingDiningRoom-13082,train
LivingDiningRoom-2352,train
DiningRoom-26150,train
LivingDiningRoom-23971,train
LivingDiningRoom-9961,train
LivingDiningRoom-6507,train
LivingDiningRoom-19103,train
LivingDiningRoom-81683,train
LivingDiningRoom-1320,train
LivingDiningRoom-88045,train
DiningRoom-37457,train
LivingDiningRoom-10383,train
LivingDiningRoom-17245,train
LivingDiningRoom-38265,train
LivingDiningRoom-10661,train
LivingDiningRoom-1291,train
LivingDiningRoom-6884,train
LivingDiningRoom-12661,train
LivingDiningRoom-4513,train
LivingDiningRoom-1700,train
LivingDiningRoom-144857,train
LivingDiningRoom-22189,train
LivingDiningRoom-39619,train
LivingDiningRoom-2476,train
LivingDiningRoom-32821,train
LivingDiningRoom-14091,train
LivingDiningRoom-223767,train
LivingDiningRoom-13071,train
LivingDiningRoom-18670,train
LivingDiningRoom-32167,train
LivingDiningRoom-21154,train
LivingDiningRoom-3062,train
DiningRoom-71388,train
LivingDiningRoom-37001,train
LivingDiningRoom-12822,train
DiningRoom-229848,train
LivingDiningRoom-17426,train
LivingDiningRoom-10917,train
LivingDiningRoom-46767,train
LivingDiningRoom-4137,train
LivingDiningRoom-3501,train
LivingDiningRoom-34713,train
LivingDiningRoom-75174,train
LivingDiningRoom-60457,train
LivingDiningRoom-57038,train
LivingDiningRoom-61469,train
DiningRoom-31660,train
LivingDiningRoom-1323,train
DiningRoom-26811,train
LivingDiningRoom-59170,train
LivingDiningRoom-22064,train
LivingDiningRoom-10377,train
LivingDiningRoom-3456,train
DiningRoom-23630,train
LivingDiningRoom-18536,train
LivingDiningRoom-11815,train
LivingDiningRoom-516,train
DiningRoom-62423,train
LivingDiningRoom-6295,train
LivingDiningRoom-7655,train
DiningRoom-50445,train
LivingDiningRoom-21638,train
LivingDiningRoom-48758,train
LivingDiningRoom-10928,train
LivingDiningRoom-4806,train
LivingDiningRoom-5734,train
DiningRoom-16799,train
LivingDiningRoom-6221,train
LivingDiningRoom-12747,train
LivingDiningRoom-29374,train
DiningRoom-39386,train
LivingDiningRoom-17826,train
LivingDiningRoom-9803,train
LivingDiningRoom-3428,train
LivingDiningRoom-7675,train
DiningRoom-55362,train
LivingDiningRoom-14571,train
LivingDiningRoom-10683,train
LivingDiningRoom-13065,train
LivingDiningRoom-9678,train
LivingDiningRoom-27843,train
LivingDiningRoom-23808,train
LivingDiningRoom-11695,train
LivingDiningRoom-174,train
LivingDiningRoom-8026,train
LivingDiningRoom-18898,train
LivingDiningRoom-85644,train
LivingDiningRoom-12863,train
LivingDiningRoom-149977,train
LivingDiningRoom-5180,train
LivingDiningRoom-83247,train
LivingDiningRoom-1650,train
DiningRoom-2629,train
LivingDiningRoom-3127,train
LivingDiningRoom-4217,train
LivingDiningRoom-57408,train
LivingDiningRoom-14778,train
LivingDiningRoom-1886,train
DiningRoom-8345,train
LivingDiningRoom-476,train
DiningRoom-5413,train
LivingDiningRoom-13134,train
LivingDiningRoom-430,train
LivingDiningRoom-113,train
LivingDiningRoom-33482,train
DiningRoom-13317,train
DiningRoom-38700,train
LivingDiningRoom-11033,train
LivingDiningRoom-43726,train
LivingDiningRoom-43067,train
LivingDiningRoom-11452,train
LivingDiningRoom-2420,train
LivingDiningRoom-10763,train
DiningRoom-40734,train
LivingDiningRoom-118273,train
LivingDiningRoom-7182,train
LivingDiningRoom-18871,train
LivingDiningRoom-6226,train
LivingDiningRoom-23833,train
LivingDiningRoom-42436,train
DiningRoom-16137,train
LivingDiningRoom-51652,train
LivingDiningRoom-20678,train
LivingDiningRoom-15419,train
DiningRoom-25065,train
LivingDiningRoom-56006,train
LivingDiningRoom-35290,train
DiningRoom-22610,train
LivingDiningRoom-2435,train
LivingDiningRoom-1228,train
LivingDiningRoom-13739,train
LivingDiningRoom-22960,train
LivingDiningRoom-12552,train
LivingDiningRoom-9819,train
LivingDiningRoom-5551,train
DiningRoom-5361,train
LivingDiningRoom-45914,train
LivingDiningRoom-451,train
LivingDiningRoom-8276,train
LivingDiningRoom-25259,train
LivingDiningRoom-31715,train
LivingDiningRoom-5605,train
LivingDiningRoom-17882,train
LivingDiningRoom-118815,train
LivingDiningRoom-10018,train
LivingDiningRoom-44684,train
LivingDiningRoom-40034,train
LivingDiningRoom-2774,train
DiningRoom-9719,train
LivingDiningRoom-24689,train
LivingDiningRoom-9123,train
DiningRoom-166476,train
LivingDiningRoom-2029,train
LivingDiningRoom-1899,train
LivingDiningRoom-37285,train
DiningRoom-8626,train
DiningRoom-11640,train
LivingDiningRoom-3204,train
LivingDiningRoom-19919,train
LivingDiningRoom-33986,train
LivingDiningRoom-60786,train
LivingDiningRoom-15759,train
LivingDiningRoom-114634,train
LivingDiningRoom-11333,train
LivingDiningRoom-51264,train
LivingDiningRoom-7812,train
LivingDiningRoom-37511,train
LivingDiningRoom-2258,train
DiningRoom-57867,train
DiningRoom-6899,train
LivingDiningRoom-72394,train
LivingDiningRoom-30074,train
LivingDiningRoom-44943,train
LivingDiningRoom-40503,train
LivingDiningRoom-10892,train
LivingDiningRoom-25416,train
LivingDiningRoom-46750,train
LivingDiningRoom-1171,train
LivingDiningRoom-11780,train
LivingDiningRoom-768,train
LivingDiningRoom-2829,train
LivingDiningRoom-605,train
LivingDiningRoom-10921,train
LivingDiningRoom-5782,train
LivingDiningRoom-28686,train
LivingDiningRoom-4247,train
LivingDiningRoom-24350,train
DiningRoom-18517,train
LivingDiningRoom-17104,train
LivingDiningRoom-103650,train
LivingDiningRoom-2095,train
DiningRoom-140675,train
LivingDiningRoom-11094,train
LivingDiningRoom-10773,train
LivingDiningRoom-9101,train
LivingDiningRoom-8243,train
DiningRoom-6906,train
LivingDiningRoom-14405,train
DiningRoom-18657,train
LivingDiningRoom-31720,train
LivingDiningRoom-1097,train
LivingDiningRoom-22548,train
LivingDiningRoom-7183,train
LivingDiningRoom-39151,train
LivingDiningRoom-7096,train
LivingDiningRoom-14386,train
LivingDiningRoom-25783,train
LivingDiningRoom-162963,train
LivingDiningRoom-997,train
LivingDiningRoom-10094,train
LivingDiningRoom-10253,train
DiningRoom-12276,train
LivingDiningRoom-45484,train
DiningRoom-442,train
LivingDiningRoom-232057,train
LivingDiningRoom-1013645,train
LivingDiningRoom-53366,train
LivingDiningRoom-21823,train
DiningRoom-118281,train
LivingDiningRoom-10705,train
DiningRoom-45595,train
LivingDiningRoom-37387,train
LivingDiningRoom-5290,train
DiningRoom-42274,train
LivingDiningRoom-11606,train
LivingDiningRoom-34345,train
LivingDiningRoom-761,train
LivingDiningRoom-27857,train
LivingDiningRoom-3674,train
LivingDiningRoom-10723,train
LivingDiningRoom-6844,train
LivingDiningRoom-46001,train
LivingDiningRoom-33244,train
LivingDiningRoom-42568,train
LivingDiningRoom-27185,train
LivingDiningRoom-7707,train
LivingDiningRoom-176493,train
LivingDiningRoom-7916,train
LivingDiningRoom-44356,train
LivingDiningRoom-18095,train
DiningRoom-17537,train
LivingDiningRoom-22223,train
LivingDiningRoom-9746,train
LivingDiningRoom-72973,train
LivingDiningRoom-39192,train
DiningRoom-4627,train
LivingDiningRoom-5405,train
LivingDiningRoom-28876,train
DiningRoom-26814,train
LivingDiningRoom-100199,train
LivingDiningRoom-77884,train
LivingDiningRoom-73378,train
LivingDiningRoom-52572,train
LivingDiningRoom-14814,train
LivingDiningRoom-10589,train
DiningRoom-1436,train
LivingDiningRoom-13633,train
LivingDiningRoom-3932,train
LivingDiningRoom-8288,train
LivingDiningRoom-3969,train
LivingDiningRoom-10402,train
LivingDiningRoom-55239,train
LivingDiningRoom-3155,train
LivingDiningRoom-77544,train
LivingDiningRoom-1788,train
LivingDiningRoom-8921,train
DiningRoom-131888,train
LivingDiningRoom-19855,train
LivingDiningRoom-37024,train
DiningRoom-2157,train
DiningRoom-514,train
LivingDiningRoom-16798,train
DiningRoom-31843,train
LivingDiningRoom-563215,train
LivingDiningRoom-17672,train
LivingDiningRoom-5187,train
LivingDiningRoom-9337,train
LivingDiningRoom-1431,train
LivingDiningRoom-113137,train
LivingDiningRoom-10576,train
LivingDiningRoom-12300,train
LivingDiningRoom-10278,train
LivingDiningRoom-12009,train
LivingDiningRoom-7786,train
LivingDiningRoom-23193,train
LivingDiningRoom-45329,train
LivingDiningRoom-3161,train
LivingDiningRoom-7489,train
LivingDiningRoom-15465,train
DiningRoom-11642,train
LivingDiningRoom-26544,train
DiningRoom-15733,train
LivingDiningRoom-14997,train
LivingDiningRoom-148502,train
DiningRoom-4528,train
LivingDiningRoom-2393,train
LivingDiningRoom-24120,train
LivingDiningRoom-35084,train
LivingDiningRoom-14773,train
LivingDiningRoom-79595,train
LivingDiningRoom-39494,train
LivingDiningRoom-2312,train
LivingDiningRoom-12221,train
LivingDiningRoom-9142,train
LivingDiningRoom-16074,train
LivingDiningRoom-134680,train
DiningRoom-61715,train
DiningRoom-15454,train
LivingDiningRoom-60587,train
LivingDiningRoom-3471,train
LivingDiningRoom-23611,train
LivingDiningRoom-108834,train
LivingDiningRoom-10068,train
LivingDiningRoom-6087,train
LivingDiningRoom-6843,train
LivingDiningRoom-58838,train
LivingDiningRoom-29089,train
LivingDiningRoom-5728,train
LivingDiningRoom-18003,train
DiningRoom-69111,train
LivingDiningRoom-22962,train
LivingDiningRoom-51922,train
LivingDiningRoom-105821,train
LivingDiningRoom-3028,train
LivingDiningRoom-20212,train
DiningRoom-42322,train
DiningRoom-70702,train
LivingDiningRoom-1497,train
LivingDiningRoom-14603,train
LivingDiningRoom-11390,train
LivingDiningRoom-30387,train
LivingDiningRoom-12848,train
DiningRoom-23106,train
LivingDiningRoom-8968,train
LivingDiningRoom-1744,train
LivingDiningRoom-11755,train
LivingDiningRoom-31653,train
LivingDiningRoom-15322,train
LivingDiningRoom-4241,train
LivingDiningRoom-104650,train
LivingDiningRoom-3325,train
DiningRoom-41675,train
LivingDiningRoom-23732,train
LivingDiningRoom-12514,train
LivingDiningRoom-44955,train
DiningRoom-69757,train
LivingDiningRoom-48257,train
LivingDiningRoom-10501,train
DiningRoom-20627,train
LivingDiningRoom-998,train
LivingDiningRoom-80242,train
DiningRoom-4027,train
LivingDiningRoom-6372,train
LivingDiningRoom-74263,train
LivingDiningRoom-1801,test
LivingDiningRoom-9944,test
DiningRoom-2432,test
DiningRoom-10302,test
LivingDiningRoom-6861,test
LivingDiningRoom-63349,test
DiningRoom-663,test
LivingDiningRoom-6899,test
LivingDiningRoom-6060,test
LivingDiningRoom-19192,test
LivingDiningRoom-11931,test
LivingDiningRoom-17836,test
LivingDiningRoom-78978,test
LivingDiningRoom-15943,test
LivingDiningRoom-27578,test
LivingDiningRoom-16338,test
LivingDiningRoom-2691,test
LivingDiningRoom-5178,test
LivingDiningRoom-4850,test
LivingDiningRoom-46232,test
LivingDiningRoom-13522,test
DiningRoom-33238,test
LivingDiningRoom-19374,test
DiningRoom-15534,test
DiningRoom-31322,test
LivingDiningRoom-22877,test
DiningRoom-29864,test
LivingDiningRoom-14564,test
LivingDiningRoom-86944,test
DiningRoom-21509,test
DiningRoom-17675,test
LivingDiningRoom-2166,test
LivingDiningRoom-4758,test
DiningRoom-35093,test
LivingDiningRoom-54940,test
DiningRoom-3407,test
DiningRoom-12066,test
LivingDiningRoom-4399,test
LivingDiningRoom-17356,test
DiningRoom-78537,test
DiningRoom-24272,test
LivingDiningRoom-3270,test
DiningRoom-17947,test
LivingDiningRoom-17588,test
DiningRoom-10559,test
LivingDiningRoom-9454,test
LivingDiningRoom-14333,test
LivingDiningRoom-24141,test
LivingDiningRoom-9997,test
LivingDiningRoom-378,test
LivingDiningRoom-62037,test
LivingDiningRoom-6148,test
LivingDiningRoom-6240,test
LivingDiningRoom-2648,test
LivingDiningRoom-11899,test
LivingDiningRoom-20192,test
LivingDiningRoom-60667,test
DiningRoom-20718,test
LivingDiningRoom-6081,test
LivingDiningRoom-56093,test
DiningRoom-69393,test
LivingDiningRoom-17385,test
DiningRoom-3658,test
DiningRoom-35065,test
LivingDiningRoom-18479,test
LivingDiningRoom-71691,test
LivingDiningRoom-1021,test
LivingDiningRoom-814,test
LivingDiningRoom-20513,test
LivingDiningRoom-34640,test
DiningRoom-17995,test
LivingDiningRoom-14482,test
LivingDiningRoom-54997,test
DiningRoom-43067,test
LivingDiningRoom-52564,test
LivingDiningRoom-8997,test
LivingDiningRoom-13177,test
LivingDiningRoom-23625,test
DiningRoom-11145,test
LivingDiningRoom-5313,test
LivingDiningRoom-13962,test
LivingDiningRoom-20899,test
DiningRoom-10701,test
LivingDiningRoom-5799,test
LivingDiningRoom-11440,test
LivingDiningRoom-10201,test
LivingDiningRoom-276256,test
LivingDiningRoom-19798,test
LivingDiningRoom-151931,test
DiningRoom-19325,test
LivingDiningRoom-11176,test
LivingDiningRoom-13776,test
DiningRoom-78777,test
LivingDiningRoom-46747,test
LivingDiningRoom-35106,test
LivingDiningRoom-26816,test
LivingDiningRoom-188065,test
LivingDiningRoom-11549,test
DiningRoom-26805,test
LivingDiningRoom-28046,test
LivingDiningRoom-38033,test
LivingDiningRoom-9281,test
LivingDiningRoom-582,test
DiningRoom-9630,test
DiningRoom-9982,test
DiningRoom-22384,test
LivingDiningRoom-575,test
DiningRoom-21796,test
DiningRoom-137654,test
DiningRoom-116178,test
LivingDiningRoom-37978,test
LivingDiningRoom-11295,test
LivingDiningRoom-15211,test
DiningRoom-31158,test
DiningRoom-42541,test
LivingDiningRoom-26776,test
LivingDiningRoom-18212,test
DiningRoom-8121,test
LivingDiningRoom-1985,test
LivingDiningRoom-210185,test
LivingDiningRoom-8006,test
LivingDiningRoom-77935,test
LivingDiningRoom-536,test
DiningRoom-7217,test
DiningRoom-451,test
LivingDiningRoom-27702,test
LivingDiningRoom-43602,test
DiningRoom-22156,test
LivingDiningRoom-1378,test
LivingDiningRoom-22270,test
LivingDiningRoom-968,test
LivingDiningRoom-5218,test
LivingDiningRoom-8229,test
LivingDiningRoom-2349,test
LivingDiningRoom-14661,test
LivingDiningRoom-8356,test
LivingDiningRoom-34257,test
LivingDiningRoom-12784,test
LivingDiningRoom-37405,test
LivingDiningRoom-35025,test
LivingDiningRoom-2729,test
DiningRoom-18472,test
LivingDiningRoom-5191,test
DiningRoom-46091,test
DiningRoom-2831,test
LivingDiningRoom-57761,test
LivingDiningRoom-989,test
DiningRoom-27152,test
LivingDiningRoom-163914,test
LivingDiningRoom-23620,test
DiningRoom-225770,test
LivingDiningRoom-15263,test
LivingDiningRoom-13186,test
LivingDiningRoom-19453,test
LivingDiningRoom-9462,test
LivingDiningRoom-7994,test
LivingDiningRoom-18338,test
LivingDiningRoom-7645,test
LivingDiningRoom-18728,test
LivingDiningRoom-13945,test
LivingDiningRoom-25741,test
LivingDiningRoom-78953,test
LivingDiningRoom-45371,test
LivingDiningRoom-9139,test
LivingDiningRoom-9569,test
LivingDiningRoom-27395,test
LivingDiningRoom-12811,test
LivingDiningRoom-84215,test
LivingDiningRoom-1310,test
LivingDiningRoom-45341,test
LivingDiningRoom-13646,test
DiningRoom-37562,test
LivingDiningRoom-15277,test
LivingDiningRoom-19107,test
DiningRoom-35872,test
LivingDiningRoom-4495,test
LivingDiningRoom-29327,test
DiningRoom-6151,test
LivingDiningRoom-5987,test
LivingDiningRoom-126918,test
LivingDiningRoom-17657,test
DiningRoom-12376,test
LivingDiningRoom-1128,test
DiningRoom-25528,test
LivingDiningRoom-14021,test
DiningRoom-27289,test
LivingDiningRoom-15610,test
LivingDiningRoom-10871,test
LivingDiningRoom-169,test
LivingDiningRoom-71656,test
DiningRoom-16628,test
DiningRoom-38637,test
LivingDiningRoom-172224,test
LivingDiningRoom-20577,test
LivingDiningRoom-25199,test
LivingDiningRoom-10414,test
LivingDiningRoom-109935,test
LivingDiningRoom-17114,test
LivingDiningRoom-2959,test
LivingDiningRoom-8304,test
LivingDiningRoom-1381,test
LivingDiningRoom-40062,test
LivingDiningRoom-3367,test
LivingDiningRoom-46222,test
LivingDiningRoom-2027,test
LivingDiningRoom-19931,test
LivingDiningRoom-41360,test
DiningRoom-9824,test
DiningRoom-197500,test
LivingDiningRoom-23435,test
LivingDiningRoom-1922,test
DiningRoom-2817,test
LivingDiningRoom-239354,test
LivingDiningRoom-98932,test
LivingDiningRoom-49509,test
LivingDiningRoom-34033,test
DiningRoom-114621,test
LivingDiningRoom-588,test
LivingDiningRoom-10866,test
LivingDiningRoom-7681,test
LivingDiningRoom-2276,test
LivingDiningRoom-473,test
LivingDiningRoom-32202,test
LivingDiningRoom-242648,test
LivingDiningRoom-9217,test
LivingDiningRoom-2583,test
LivingDiningRoom-204,test
LivingDiningRoom-25795,test
DiningRoom-22339,test
DiningRoom-88590,test
LivingDiningRoom-13133,test
LivingDiningRoom-35991,test
LivingDiningRoom-941,test
LivingDiningRoom-1600,test
LivingDiningRoom-13555,test
LivingDiningRoom-5198,test
DiningRoom-34036,test
LivingDiningRoom-14174,test
LivingDiningRoom-77437,test
DiningRoom-18332,test
LivingDiningRoom-164051,test
LivingDiningRoom-33368,test
LivingDiningRoom-7430,test
LivingDiningRoom-5341,test
DiningRoom-3017,test
LivingDiningRoom-10493,test
LivingDiningRoom-19699,test
LivingDiningRoom-15891,test
LivingDiningRoom-4696,test
LivingDiningRoom-8627,test
LivingDiningRoom-6679,test
LivingDiningRoom-629,test
DiningRoom-83930,test
LivingDiningRoom-28785,test
LivingDiningRoom-49442,test
LivingDiningRoom-10508,test
LivingDiningRoom-16827,test
DiningRoom-8369,test
LivingDiningRoom-26885,test
LivingDiningRoom-6252,test
LivingDiningRoom-152,test
LivingDiningRoom-13860,test
LivingDiningRoom-40054,test
LivingDiningRoom-8032,test
LivingDiningRoom-27430,test
LivingDiningRoom-14432,test
LivingDiningRoom-79610,test
LivingDiningRoom-9790,test
LivingDiningRoom-61638,test
LivingDiningRoom-15430,test
LivingDiningRoom-9632,test
LivingDiningRoom-35730,test
LivingDiningRoom-70212,test
LivingDiningRoom-71398,test
LivingDiningRoom-99518,test
LivingDiningRoom-8871,test
LivingDiningRoom-410,test
LivingDiningRoom-1898,test
LivingDiningRoom-2384,test
LivingDiningRoom-6485,test
LivingDiningRoom-97781,test
DiningRoom-7122,test
LivingDiningRoom-76396,test
LivingDiningRoom-1203,test
LivingDiningRoom-15171,test
DiningRoom-10154,test
LivingDiningRoom-18796,test
DiningRoom-9051,test
LivingDiningRoom-14848,test
LivingDiningRoom-14054,test
DiningRoom-16460,test
DiningRoom-31710,test
LivingDiningRoom-12185,test
LivingDiningRoom-23701,test
LivingDiningRoom-86495,test
LivingDiningRoom-74769,test
DiningRoom-23849,test
LivingDiningRoom-1806,test
LivingDiningRoom-47893,test
LivingDiningRoom-9028,test
LivingDiningRoom-22841,test
LivingDiningRoom-24922,test
LivingDiningRoom-40723,test
LivingDiningRoom-8806,test
LivingDiningRoom-7722,test
LivingDiningRoom-29009,test
LivingDiningRoom-29125,test
LivingDiningRoom-40738,test
DiningRoom-24191,test
DiningRoom-11005,test
LivingDiningRoom-10183,test
LivingDiningRoom-50364,test
LivingDiningRoom-35769,test
LivingDiningRoom-3973,test
LivingDiningRoom-1632,test
LivingDiningRoom-291,test
LivingDiningRoom-5339,test
LivingDiningRoom-66992,test
LivingDiningRoom-110465,test
LivingDiningRoom-4154,test
DiningRoom-9791,test
LivingDiningRoom-25555,test
DiningRoom-66962,test
LivingDiningRoom-5162,test
LivingDiningRoom-59156,test
LivingDiningRoom-75023,test
DiningRoom-23371,test
DiningRoom-22308,test
DiningRoom-19885,test
LivingDiningRoom-79285,test
LivingDiningRoom-77564,test
LivingDiningRoom-2042,test
LivingDiningRoom-69540,test
DiningRoom-87276,test
LivingDiningRoom-63124,test
LivingDiningRoom-27416,test
DiningRoom-375,test
LivingDiningRoom-32452,test
LivingDiningRoom-10681,test
LivingDiningRoom-3527,test
LivingDiningRoom-3859,test
LivingDiningRoom-7979,test
DiningRoom-53344,test
LivingDiningRoom-39252,test
LivingDiningRoom-2640,test
LivingDiningRoom-3009,test
LivingDiningRoom-74612,test
LivingDiningRoom-81868,test
DiningRoom-17147,test
DiningRoom-13034,test
LivingDiningRoom-66888,test
LivingDiningRoom-15286,test
LivingDiningRoom-1861,test
LivingDiningRoom-43160,test
DiningRoom-19570,test
LivingDiningRoom-35401,test
LivingDiningRoom-8049,test
DiningRoom-13727,test
DiningRoom-33912,test
LivingDiningRoom-101134,test
LivingDiningRoom-31561,test
LivingDiningRoom-30127,test
LivingDiningRoom-6885,test
LivingDiningRoom-6878,test
LivingDiningRoom-2106,test
LivingDiningRoom-10119,test
LivingDiningRoom-4027,test
LivingDiningRoom-71754,test
LivingDiningRoom-78283,test
LivingDiningRoom-71082,test
LivingDiningRoom-15709,test
DiningRoom-6919,test
LivingDiningRoom-38408,test
LivingDiningRoom-23236,test
LivingDiningRoom-34404,test
LivingDiningRoom-78747,test
LivingDiningRoom-4261,test
LivingDiningRoom-2079,test
LivingDiningRoom-11226,test
LivingDiningRoom-5343,test
LivingDiningRoom-19784,test
LivingDiningRoom-83039,test
LivingDiningRoom-8495,test
DiningRoom-149671,test
LivingDiningRoom-28707,test
LivingDiningRoom-85449,test
LivingDiningRoom-1767,test
LivingDiningRoom-758,test
LivingDiningRoom-7023,test
LivingDiningRoom-96248,test
LivingDiningRoom-2831,test
LivingDiningRoom-24764,test
LivingDiningRoom-18047,test
DiningRoom-22535,test
LivingDiningRoom-1196,test
LivingDiningRoom-32152,test
LivingDiningRoom-10397,test
LivingDiningRoom-52730,test
LivingDiningRoom-4830,test
LivingDiningRoom-19698,test
LivingDiningRoom-1572,test
LivingDiningRoom-30479,test
LivingDiningRoom-1141,test
LivingDiningRoom-31529,test
LivingDiningRoom-1768,test
LivingDiningRoom-5630,test
LivingDiningRoom-1654,test
LivingDiningRoom-1901,test
LivingDiningRoom-563,test
LivingDiningRoom-5086,test
LivingDiningRoom-233,test
LivingDiningRoom-37350,test
LivingDiningRoom-14290,test
LivingDiningRoom-25714,test
DiningRoom-515,test
LivingDiningRoom-18782,test
DiningRoom-11336,test
LivingDiningRoom-7555,test
LivingDiningRoom-11012,test
LivingDiningRoom-16163,test
LivingDiningRoom-30837,test
LivingDiningRoom-1524,test
LivingDiningRoom-14228,test
DiningRoom-12866,test
LivingDiningRoom-2764,test
LivingDiningRoom-119151,test
LivingDiningRoom-27730,test
LivingDiningRoom-569,test
LivingDiningRoom-12225,test
DiningRoom-217315,test
LivingDiningRoom-28456,test
LivingDiningRoom-1172,test
LivingDiningRoom-44225,test
DiningRoom-11464,test
LivingDiningRoom-50953,test
LivingDiningRoom-15706,test
DiningRoom-55572,test
LivingDiningRoom-2620,test
LivingDiningRoom-2891,test
LivingDiningRoom-13447,test
DiningRoom-1106,test
LivingDiningRoom-5970,test
LivingDiningRoom-19979,test
LivingDiningRoom-16465,test
DiningRoom-69007,test
LivingDiningRoom-13538,test
DiningRoom-88173,test
DiningRoom-5694,test
LivingDiningRoom-4742,test
LivingDiningRoom-121211,test
DiningRoom-11628,test
LivingDiningRoom-34816,test
LivingDiningRoom-8272,test
DiningRoom-27933,test
LivingDiningRoom-4693,test
LivingDiningRoom-9373,test
LivingDiningRoom-2872,test
DiningRoom-60525,test
LivingDiningRoom-7360,test
DiningRoom-5492,test
LivingDiningRoom-32055,test
DiningRoom-168152,test
LivingDiningRoom-6131,test
LivingDiningRoom-11795,test
LivingDiningRoom-17476,test
DiningRoom-85692,test
DiningRoom-113004,test
LivingDiningRoom-71961,test
LivingDiningRoom-1315,test
LivingDiningRoom-64631,test
LivingDiningRoom-38006,test
LivingDiningRoom-9744,test
LivingDiningRoom-13258,test
LivingDiningRoom-11917,test
LivingDiningRoom-6534,test
LivingDiningRoom-15982,test
LivingDiningRoom-13781,test
LivingDiningRoom-9939,test
LivingDiningRoom-12169,test
LivingDiningRoom-37867,test
LivingDiningRoom-19900,test
LivingDiningRoom-69704,test
DiningRoom-52759,test
LivingDiningRoom-20487,test
LivingDiningRoom-1255,test
LivingDiningRoom-9895,test
LivingDiningRoom-10957,test
LivingDiningRoom-148144,test
LivingDiningRoom-9588,test
LivingDiningRoom-16770,test
LivingDiningRoom-28655,test
DiningRoom-44078,test
LivingDiningRoom-72103,test
LivingDiningRoom-1130,test
LivingDiningRoom-73311,test
DiningRoom-164,test
LivingDiningRoom-8388,test
LivingDiningRoom-13493,test
LivingDiningRoom-3558,test
LivingDiningRoom-16155,test
LivingDiningRoom-37641,test
LivingDiningRoom-62089,test
LivingDiningRoom-8452,test
DiningRoom-12246,test
LivingDiningRoom-55391,test
DiningRoom-6259,test
LivingDiningRoom-5562,test
LivingDiningRoom-6953,test
LivingDiningRoom-16509,test
LivingDiningRoom-518,test
LivingDiningRoom-11167,test
LivingDiningRoom-7298,test
LivingDiningRoom-799,test
LivingDiningRoom-6461,test
LivingDiningRoom-41517,test
DiningRoom-8951,test
LivingDiningRoom-77579,val
LivingDiningRoom-59834,val
LivingDiningRoom-6403,val
LivingDiningRoom-26998,val
LivingDiningRoom-8606,val
LivingDiningRoom-33289,val
DiningRoom-3929,val
LivingDiningRoom-5402,val
DiningRoom-43282,val
LivingDiningRoom-14970,val
DiningRoom-32563,val
LivingDiningRoom-2676,val
LivingDiningRoom-45270,val
DiningRoom-16187,val
LivingDiningRoom-10177,val
DiningRoom-17200,val
LivingDiningRoom-36481,val
LivingDiningRoom-1895,val
DiningRoom-69515,val
DiningRoom-38135,val
LivingDiningRoom-11398,val
LivingDiningRoom-10290,val
DiningRoom-4433,val
LivingDiningRoom-95560,val
LivingDiningRoom-10060,val
LivingDiningRoom-68606,val
LivingDiningRoom-38729,val
LivingDiningRoom-579,val
LivingDiningRoom-72789,val
DiningRoom-68877,val
LivingDiningRoom-57027,val
LivingDiningRoom-57947,val
DiningRoom-132563,val
LivingDiningRoom-10172,val
LivingDiningRoom-20509,val
DiningRoom-4358,val
LivingDiningRoom-641,val
LivingDiningRoom-11362,val
LivingDiningRoom-37746,val
LivingDiningRoom-16547,val
LivingDiningRoom-11143,val
LivingDiningRoom-2020,val
LivingDiningRoom-634,val
DiningRoom-2029,val
DiningRoom-11774,val
LivingDiningRoom-4760,val
LivingDiningRoom-119327,val
LivingDiningRoom-17669,val
LivingDiningRoom-14899,val
LivingDiningRoom-77047,val
LivingDiningRoom-3844,val
LivingDiningRoom-3715,val
LivingDiningRoom-14573,val
LivingDiningRoom-2943,val
LivingDiningRoom-16818,val
DiningRoom-98809,val
LivingDiningRoom-262051,val
LivingDiningRoom-42284,val
LivingDiningRoom-98328,val
DiningRoom-91959,val
LivingDiningRoom-4094,val
LivingDiningRoom-5280,val
LivingDiningRoom-272614,val
LivingDiningRoom-27919,val
LivingDiningRoom-24660,val
LivingDiningRoom-554,val
LivingDiningRoom-32725,val
LivingDiningRoom-36803,val
LivingDiningRoom-12476,val
LivingDiningRoom-10046,val
LivingDiningRoom-54572,val
LivingDiningRoom-4056,val
DiningRoom-6877,val
LivingDiningRoom-1105,val
LivingDiningRoom-77748,val
LivingDiningRoom-130326,val
LivingDiningRoom-8262,val
LivingDiningRoom-10951,val
LivingDiningRoom-42210,val
LivingDiningRoom-74085,val
LivingDiningRoom-197,val
DiningRoom-41976,val
LivingDiningRoom-57220,val
LivingDiningRoom-21727,val
LivingDiningRoom-5823,val
LivingDiningRoom-2663,val
DiningRoom-18924,val
DiningRoom-96608,val
LivingDiningRoom-3259,val
LivingDiningRoom-13775,val
LivingDiningRoom-4327,val
LivingDiningRoom-6594,val
DiningRoom-78525,val
DiningRoom-690,val
LivingDiningRoom-14579,val
DiningRoom-9450,val
LivingDiningRoom-5117,val
LivingDiningRoom-5362,val
LivingDiningRoom-6855,val
LivingDiningRoom-18266,val
LivingDiningRoom-4564,val
LivingDiningRoom-3474,val
LivingDiningRoom-118911,val
LivingDiningRoom-3965,val
LivingDiningRoom-22470,val
DiningRoom-10540,val
LivingDiningRoom-5264,val
LivingDiningRoom-4207,val
LivingDiningRoom-277579,val
DiningRoom-46577,val
LivingDiningRoom-29720,val
DiningRoom-2775,val
LivingDiningRoom-8728,val
LivingDiningRoom-14232,val
LivingDiningRoom-12188,val
LivingDiningRoom-919,val
LivingDiningRoom-20097,val
LivingDiningRoom-27306,val
LivingDiningRoom-25702,val
DiningRoom-20750,val
DiningRoom-33249,val
LivingDiningRoom-76909,val
LivingDiningRoom-961,val
DiningRoom-38885,val
LivingDiningRoom-1342,val
DiningRoom-17747,val
LivingDiningRoom-2715,val
LivingDiningRoom-48379,val
DiningRoom-21124,val
LivingDiningRoom-7220,val
LivingDiningRoom-8149,val
LivingDiningRoom-6422,val
LivingDiningRoom-11117,val
LivingDiningRoom-9643,val
LivingDiningRoom-49915,val
LivingDiningRoom-194,val
DiningRoom-19118,val
LivingDiningRoom-27142,val
LivingDiningRoom-75508,val
DiningRoom-50256,val
LivingDiningRoom-2456,val
DiningRoom-13798,val
DiningRoom-2655,val
LivingDiningRoom-58935,val
LivingDiningRoom-4823,val
LivingDiningRoom-8271,val
DiningRoom-12114,val
LivingDiningRoom-13289,val
LivingDiningRoom-11910,val
LivingDiningRoom-50563,val
LivingDiningRoom-21042,val
LivingDiningRoom-502,val
LivingDiningRoom-4010,val
LivingDiningRoom-270,val
LivingDiningRoom-3395,val
LivingDiningRoom-21808,val
LivingDiningRoom-20731,val
LivingDiningRoom-45776,val
LivingDiningRoom-4440,val
LivingDiningRoom-5328,val
LivingDiningRoom-13989,val
LivingDiningRoom-94924,val
LivingDiningRoom-13972,val
LivingDiningRoom-12275,val
LivingDiningRoom-29533,val
LivingDiningRoom-22994,val
DiningRoom-70428,val
LivingDiningRoom-79770,val
LivingDiningRoom-6296,val
LivingDiningRoom-14976,val
LivingDiningRoom-16828,val
LivingDiningRoom-13872,val
LivingDiningRoom-5388,val
LivingDiningRoom-16342,val
LivingDiningRoom-26392,val
DiningRoom-45358,val
LivingDiningRoom-71738,val
LivingDiningRoom-166823,val
LivingDiningRoom-6807,val
LivingDiningRoom-849,val
LivingDiningRoom-4007,val
LivingDiningRoom-8358,val
LivingDiningRoom-2547,val
LivingDiningRoom-43974,val
LivingDiningRoom-21234,val
LivingDiningRoom-2189,val
LivingDiningRoom-11249,val
LivingDiningRoom-30130,val
LivingDiningRoom-12385,val
LivingDiningRoom-1223,val
LivingDiningRoom-16739,val
LivingDiningRoom-14337,val
LivingDiningRoom-11919,val
DiningRoom-10547,val
LivingDiningRoom-2575,val
LivingDiningRoom-142185,val
LivingDiningRoom-8428,val
LivingDiningRoom-61051,val
LivingDiningRoom-26811,val
LivingDiningRoom-5381,val
LivingDiningRoom-13545,val
LivingDiningRoom-513,val
LivingDiningRoom-2152,val
LivingDiningRoom-9063,val
DiningRoom-178861,val
DiningRoom-13915,val
LivingDiningRoom-13074,val
LivingDiningRoom-83131,val
LivingDiningRoom-13912,val
LivingDiningRoom-1050,val
LivingDiningRoom-3510,val
LivingDiningRoom-18335,val
LivingDiningRoom-41202,val
LivingDiningRoom-20428,val
DiningRoom-3653,val
LivingDiningRoom-53384,val
LivingDiningRoom-20064,val
DiningRoom-42151,val
LivingDiningRoom-58100,val
LivingDiningRoom-16801,val
LivingDiningRoom-51736,val
LivingDiningRoom-1762146,val
LivingDiningRoom-1164,val
DiningRoom-35384,val
LivingDiningRoom-8389,val
DiningRoom-67934,val
LivingDiningRoom-12138,val
LivingDiningRoom-20748,val
DiningRoom-6376,val
DiningRoom-37596,val
LivingDiningRoom-18813,val
LivingDiningRoom-1048,val
LivingDiningRoom-16709,val
LivingDiningRoom-74331,val
LivingDiningRoom-15712,val
LivingDiningRoom-84174,val
LivingDiningRoom-25241,val
LivingDiningRoom-109572,val
LivingDiningRoom-46190,val
LivingDiningRoom-15199,val
LivingDiningRoom-6629,val
LivingDiningRoom-25360,val
LivingDiningRoom-13179,val
LivingDiningRoom-211110,val
LivingDiningRoom-22077,val
DiningRoom-51741,val
LivingDiningRoom-32710,val
LivingDiningRoom-131278,val
LivingDiningRoom-48663,val
DiningRoom-15369,val
LivingDiningRoom-142,val
DiningRoom-2412,val
LivingDiningRoom-74931,val
LivingDiningRoom-64,val
LivingDiningRoom-13451,val
