Library-20604,train
Library-29045,train
Library-1222,train
Library-21873,train
Library-9223,train
Library-16850,train
Library-16622,train
Library-53786,train
Library-10821,train
Library-75958,train
Library-18195,train
Library-23696,train
Library-12699,train
Library-11818,train
Library-1634,train
Library-28263,train
Library-90543,train
Library-5269,train
Library-96974,train
Library-18950,train
Library-25597,train
Library-1202,train
Library-11627,train
Library-5743,train
Library-24814,train
Library-22794,train
Library-22652,train
Library-46800,train
Library-18167,train
Library-32669,train
Library-149149,train
Library-64578,train
Library-23115,train
Library-15493,train
Library-73202,train
Library-1867,train
Library-10294,train
Library-43184,train
Library-125215,train
Library-76415,train
Library-83082,train
Library-5696,train
Library-7864,train
Library-211933,train
Library-13702,train
Library-5265,train
Library-72629,train
Library-30866,train
Library-32439,train
Library-33080,train
Library-10664,train
Library-13224,train
Library-26462,train
Library-66976,train
Library-42989,train
Library-80610,train
Library-49672,train
Library-46447,train
Library-42710,train
Library-51246,train
Library-224,train
Library-26137,train
Library-22915,train
Library-42968,train
Library-22285,train
Library-109418,train
Library-14850,train
Library-75872,train
Library-29379,train
Library-18215,train
Library-2134,train
Library-25570,train
Library-8390,train
Library-22104,train
Library-10272,train
Library-48710,train
Library-3685,train
Library-12998,train
Library-16417,train
Library-20277,train
Library-221314,train
Library-10503,train
Library-68370,train
Library-23687,train
Library-13035,train
Library-33199,train
Library-59841,train
Library-88246,train
Library-11678,train
Library-451762,train
Library-49641,train
Library-43847,train
Library-13860,train
Library-27359,train
Library-32907,train
Library-95208,train
Library-43182,train
Library-43493,train
Library-10236,train
Library-69567,train
Library-50887,train
Library-107308,train
Library-37759,train
Library-41417,train
Library-121516,train
Library-26618,train
Library-67917,train
Library-11590,train
Library-47275,train
Library-1038,train
Library-23018,train
Library-40272,train
Library-5210,train
Library-36454,train
Library-29106,train
Library-4225,train
Library-6348,train
Library-72020,train
Library-27754,train
Library-33120,train
Library-15151,train
Library-44857,train
Library-69781,train
Library-503,train
Library-65712,train
Library-6926,train
Library-927,train
Library-89642,train
Library-29060,train
Library-46427,train
Library-8114,train
Library-27518,train
Library-135337,train
Library-30076,train
Library-34686,train
Library-276870,train
Library-57308,train
Library-6247,train
Library-37841,train
Library-239588,train
Library-19760,train
Library-66294,train
Library-75815,train
Library-9005,train
Library-41759,train
Library-29001,train
Library-34168,train
Library-77598,train
Library-22927,train
Library-5245,train
Library-42076,train
Library-39481,train
Library-37149,train
Library-13629,train
Library-20629,train
Library-238053,train
Library-4388,train
Library-27402,train
Library-3047,train
Library-37441,train
Library-15341,train
Library-9990,train
Library-177355,train
Library-11581,train
Library-50479,train
Library-11892,train
Library-4165,train
Library-1772,train
Library-14023,train
Library-12809,train
Library-9510,train
Library-34032,train
Library-19204,train
Library-16818,train
Library-110487,train
Library-4323,train
Library-29569,train
Library-7793,train
Library-10774,train
Library-85381,train
Library-146996,train
Library-24419,train
Library-184794,train
Library-281777,train
Library-60424,train
Library-74634,train
Library-47637,train
Library-6018,train
Library-15468,train
Library-30878,train
Library-130773,train
Library-21377,train
Library-19892,train
Library-79923,train
Library-21337,train
Library-4930,train
Library-82047,train
Library-87783,train
Library-38443,train
Library-788,train
Library-11544,train
Library-33273,train
Library-33784,train
Library-7286,train
Library-9575,train
Library-1451,train
Library-9366,train
Library-8442,train
Library-147153,train
Library-70173,train
Library-1246,train
Library-56217,train
Library-148932,train
Library-890,train
Library-27940,train
Library-13520,train
Library-104979,train
Library-56752,train
Library-6775,train
Library-8631,train
Library-45762,train
Library-56753,train
Library-25880,train
Library-15186,train
Library-132008,train
Library-28211,train
Library-2837,train
Library-86860,train
Library-27904,train
Library-1087,train
Library-118121,train
Library-14880,train
Library-43333,train
Library-32262,train
Library-44145,train
Library-17131,train
Library-28191,train
Library-148852,train
Library-28167,train
Library-40834,train
Library-39531,train
Library-78131,train
Library-1371,train
Library-1640,train
Library-29534,train
Library-32636,train
Library-12244,train
Library-12232,train
Library-9669,train
Library-18851,train
Library-19820,train
Library-7265,train
Library-88077,train
Library-34262,train
Library-11160,train
Library-14021,train
Library-14672,train
Library-6776,train
Library-17584,train
Library-1736,train
Library-136918,train
Library-60556,train
Library-36308,train
Library-52415,train
Library-17895,train
Library-1151,train
Library-57154,train
Library-3460,train
Library-52642,train
Library-34881,train
Library-33733,train
Library-2577,train
Library-21717,train
Library-6661,train
Library-17540,train
Library-7101,train
Library-66895,train
Library-27064,train
Library-23606,train
Library-25245,train
Library-27435,train
Library-71218,train
Library-11686,train
Library-7137,train
Library-9452,train
Library-12842,train
Library-70908,train
Library-6504,train
Library-4662,train
Library-1752,train
Library-134440,train
Library-23711,train
Library-12092,train
Library-54138,train
Library-285,train
Library-31512,train
Library-8186,train
Library-69271,train
Library-222358,train
Library-3180,train
Library-20433,train
Library-4826,train
Library-7254,train
Library-152,train
Library-15114,train
Library-1594,train
Library-448611,train
Library-11789,train
Library-63080,train
Library-67,train
Library-23716,train
Library-13814,train
Library-8500,train
Library-29360,train
Library-97742,train
Library-57430,train
Library-8971,train
Library-1101,train
Library-7304,train
Library-5524,train
Library-608,train
Library-2124,train
Library-24180,train
Library-44819,train
Library-42049,train
Library-9475,train
Library-46358,train
Library-22682,train
Library-8920,train
Library-8756,train
Library-53377,train
Library-48638,train
Library-777,train
Library-87333,train
Library-27376,train
Library-4215,train
Library-9209,train
Library-148948,train
Library-38895,train
Library-1946,train
Library-37264,train
Library-44717,train
Library-3149,train
Library-128078,train
Library-18141,train
Library-65128,train
Library-26868,train
Library-31417,train
Library-406,train
Library-18354,train
Library-1475,train
Library-9930,train
Library-3807,train
Library-30100,train
Library-3537,train
Library-18581,train
Library-78416,train
Library-42772,train
Library-21366,train
Library-26871,train
Library-30106,train
Library-18413,train
Library-23437,train
Library-72214,train
Library-110238,train
Library-4818,train
Library-3448,train
Library-1288,train
Library-10737,train
Library-16549,train
Library-664,train
Library-10806,train
Library-4039,train
Library-4168,train
Library-126896,train
Library-8975,train
Library-199,train
Library-6940,train
Library-12947,train
Library-29913,train
Library-159,train
Library-148183,train
Library-23026,train
Library-11263,train
Library-8885,train
Library-32195,train
Library-178845,train
Library-31666,train
Library-46723,train
Library-4218,train
Library-7429,train
Library-16884,train
Library-48780,train
Library-22386,train
Library-52603,train
Library-26882,train
Library-20802,train
Library-14254,train
Library-11296,train
Library-62816,train
Library-5194,train
Library-3100,train
Library-1734,train
Library-128556,train
Library-3911,train
Library-24741,train
Library-5769,train
Library-3409,train
Library-21122,train
Library-35233,train
Library-14846,train
Library-40643,train
Library-52776,train
Library-21612,train
Library-14990,train
Library-141450,train
Library-15247,train
Library-42368,train
Library-29899,train
Library-5040,train
Library-1851,train
Library-9485,train
Library-3522,train
Library-28462,train
Library-1968,train
Library-3923,train
Library-9277,train
Library-20465,train
Library-11595,train
Library-17451,train
Library-238415,train
Library-100037,train
Library-90600,train
Library-40497,train
Library-116741,train
Library-29737,test
Library-8839,test
Library-11256,test
Library-20066,test
Library-58473,test
Library-58697,test
Library-1280,test
Library-123545,test
Library-22443,test
Library-40757,test
Library-11820,test
Library-90753,test
Library-28676,test
Library-10854,test
Library-2485,test
Library-297,test
Library-19385,test
Library-70308,test
Library-13081,test
Library-361,test
Library-16869,test
Library-1808,test
Library-72012,test
Library-57472,test
Library-34835,test
Library-19891,test
Library-29416,test
Library-20559,test
Library-9630,test
Library-2219,test
Library-18751,test
Library-13751,test
Library-116001,test
Library-5781,test
Library-71638,test
Library-934,test
Library-74566,test
Library-11765,test
Library-51794,test
Library-24727,test
Library-38282,test
Library-19283,test
Library-18539,test
Library-1318,test
Library-24675,test
Library-110125,test
Library-29311,test
Library-9382,test
Library-4345,test
Library-25138,test
Library-37693,test
Library-45741,test
Library-5045,test
Library-10561,test
Library-5406,test
Library-202360,test
Library-40990,test
Library-23898,test
Library-28081,test
Library-32231,test
Library-56351,test
Library-35695,test
Library-3644,test
Library-42007,test
Library-1534,test
Library-49655,test
Library-51220,test
Library-60213,test
Library-117194,test
Library-8543,test
Library-21469,test
Library-1093,test
Library-117651,test
Library-15269,test
Library-29744,test
Library-32140,test
Library-28947,test
Library-15677,test
Library-7291,test
Library-77633,test
Library-45463,test
Library-5310,test
Library-19478,test
Library-123334,test
Library-7168,test
Library-163346,test
Library-20627,test
Library-71550,test
Library-258279,test
Library-2480,test
Library-32211,test
Library-2159,test
Library-20839,test
Library-131525,test
Library-4659,test
Library-1511,test
Library-898,test
Library-16777,test
Library-44405,test
Library-8527,test
Library-4380,test
Library-145994,test
Library-12582,test
Library-39529,test
Library-30184,test
Library-36052,test
Library-2611,test
Library-4425,test
Library-76482,test
Library-457,test
Library-43565,test
Library-17832,test
Library-20764,test
Library-40642,test
Library-14218,test
Library-4008,test
Library-16980,test
Library-14154,test
Library-16688,test
Library-6767,test
Library-43073,test
Library-29603,test
Library-4891,test
Library-8391,test
Library-13832,test
Library-8587,val
Library-5452,val
Library-19371,val
Library-38811,val
Library-8780,val
Library-163841,val
Library-6647,val
Library-17804,val
Library-114041,val
Library-66481,val
Library-72565,val
Library-52328,val
Library-266374,val
Library-172204,val
Library-2201,val
Library-62256,val
Library-544,val
Library-7181,val
Library-18471,val
Library-15959,val
Library-22987,val
Library-6526,val
Library-82372,val
Library-173050,val
Library-27221,val
Library-11825,val
Library-20357,val
Library-4671,val
Library-12272,val
Library-40875,val
Library-13462,val
Library-18069,val
Library-3371,val
Library-26935,val
Library-19228,val
Library-6921,val
Library-60827,val
Library-33537,val
Library-4317,val
Library-47704,val
Library-9972,val
Library-19411,val
Library-26271,val
Library-4679,val
Library-116635,val
Library-3082,val
Library-22360,val
Library-54634,val
Library-19691,val
Library-24141,val
Library-61895,val
Library-22900,val
Library-25738,val
Library-52644,val
Library-11109,val
Library-1973,val
Library-42641,val
Library-20730,val
Library-5134,val
Library-26162,val
Library-2658,val
Library-18440,val
