LivingRoom-12207,train
LivingDiningRoom-5290,train
LivingRoom-4169,train
LivingDiningRoom-53598,train
LivingDiningRoom-142,train
LivingDiningRoom-10104,train
LivingDiningRoom-14970,train
LivingDiningRoom-24493,train
LivingDiningRoom-29182,train
LivingRoom-11144,train
LivingDiningRoom-27730,train
LivingDiningRoom-398,train
LivingRoom-25196,train
LivingDiningRoom-11755,train
LivingDiningRoom-73707,train
LivingRoom-10858,train
LivingRoom-4353,train
LivingDiningRoom-23193,train
LivingDiningRoom-9597,train
LivingDiningRoom-15706,train
LivingDiningRoom-4758,train
LivingDiningRoom-25714,train
LivingDiningRoom-3973,train
LivingDiningRoom-2774,train
LivingDiningRoom-8945,train
LivingDiningRoom-1664,train
LivingDiningRoom-22077,train
LivingDiningRoom-20678,train
LivingDiningRoom-17114,train
LivingDiningRoom-5444,train
LivingDiningRoom-21601,train
LivingRoom-2328,train
LivingRoom-311928,train
LivingDiningRoom-1901,train
LivingDiningRoom-7862,train
LivingDiningRoom-61719,train
LivingDiningRoom-64294,train
LivingDiningRoom-77284,train
LivingDiningRoom-5790,train
LivingRoom-42161,train
LivingDiningRoom-18908,train
LivingRoom-1635,train
LivingDiningRoom-7274,train
LivingDiningRoom-101847,train
LivingRoom-13009,train
LivingDiningRoom-66938,train
LivingRoom-71719,train
LivingDiningRoom-26392,train
LivingDiningRoom-2715,train
LivingDiningRoom-1763072,train
LivingRoom-54780,train
LivingRoom-12430,train
LivingDiningRoom-9463,train
LivingDiningRoom-49941,train
LivingDiningRoom-15731,train
LivingRoom-1698,train
LivingDiningRoom-2420,train
LivingRoom-2151,train
LivingDiningRoom-37486,train
LivingRoom-14,train
LivingDiningRoom-11333,train
LivingRoom-91063,train
LivingDiningRoom-22960,train
LivingRoom-1906,train
LivingDiningRoom-46313,train
LivingDiningRoom-24689,train
LivingDiningRoom-50487,train
LivingDiningRoom-15907,train
LivingDiningRoom-9815,train
LivingRoom-13248,train
LivingDiningRoom-142185,train
LivingDiningRoom-14290,train
LivingRoom-35915,train
LivingDiningRoom-46232,train
LivingDiningRoom-11797,train
LivingDiningRoom-8026,train
LivingDiningRoom-6257,train
LivingRoom-2874,train
LivingRoom-1014,train
LivingDiningRoom-26523,train
LivingDiningRoom-42568,train
LivingRoom-27407,train
LivingRoom-31412,train
LivingRoom-13595,train
LivingDiningRoom-148502,train
LivingRoom-15768,train
LivingDiningRoom-71398,train
LivingRoom-27545,train
LivingDiningRoom-10092,train
LivingRoom-22971,train
LivingRoom-15776,train
LivingDiningRoom-2328,train
LivingDiningRoom-26885,train
LivingDiningRoom-9281,train
LivingDiningRoom-734,train
LivingRoom-282598,train
LivingRoom-23802,train
LivingRoom-19624,train
LivingDiningRoom-43160,train
LivingDiningRoom-2973,train
LivingDiningRoom-232057,train
LivingRoom-3787,train
LivingDiningRoom-30074,train
LivingDiningRoom-60587,train
LivingDiningRoom-17245,train
LivingDiningRoom-2122,train
LivingDiningRoom-17184,train
LivingRoom-29450,train
LivingDiningRoom-18813,train
LivingDiningRoom-956,train
LivingRoom-4812,train
LivingDiningRoom-47214,train
LivingRoom-91141,train
LivingDiningRoom-33289,train
LivingDiningRoom-10892,train
LivingRoom-29863,train
LivingRoom-22253,train
LivingDiningRoom-11549,train
LivingDiningRoom-99518,train
LivingDiningRoom-5630,train
LivingDiningRoom-1431,train
LivingDiningRoom-53709,train
LivingDiningRoom-2999,train
LivingDiningRoom-3823,train
LivingDiningRoom-6461,train
LivingDiningRoom-5402,train
LivingDiningRoom-3325,train
LivingRoom-14930,train
LivingDiningRoom-21808,train
LivingRoom-1676,train
LivingDiningRoom-4115,train
LivingDiningRoom-12401,train
LivingDiningRoom-9142,train
LivingDiningRoom-5939,train
LivingDiningRoom-5733,train
LivingDiningRoom-16342,train
LivingDiningRoom-70408,train
LivingRoom-9715,train
LivingDiningRoom-11899,train
LivingDiningRoom-4125,train
LivingDiningRoom-7121,train
LivingDiningRoom-81877,train
LivingRoom-69133,train
LivingRoom-46192,train
LivingDiningRoom-4561,train
LivingDiningRoom-20518,train
LivingDiningRoom-20212,train
LivingDiningRoom-108834,train
LivingDiningRoom-5191,train
LivingRoom-178433,train
LivingRoom-4543,train
LivingDiningRoom-892,train
LivingDiningRoom-6150,train
LivingDiningRoom-14333,train
LivingDiningRoom-16465,train
LivingDiningRoom-4207,train
LivingRoom-7407,train
LivingDiningRoom-516,train
LivingRoom-2873,train
LivingDiningRoom-13739,train
LivingRoom-10133,train
LivingRoom-2933,train
LivingDiningRoom-12225,train
LivingDiningRoom-28867,train
LivingDiningRoom-27185,train
LivingDiningRoom-13545,train
LivingRoom-6253,train
LivingRoom-2588,train
LivingRoom-30927,train
LivingRoom-130617,train
LivingDiningRoom-7679,train
LivingDiningRoom-18256,train
LivingDiningRoom-81470,train
LivingDiningRoom-3480,train
LivingRoom-4933,train
LivingDiningRoom-59355,train
LivingDiningRoom-78702,train
LivingDiningRoom-44120,train
LivingRoom-190,train
LivingDiningRoom-11815,train
LivingRoom-19706,train
LivingRoom-1353,train
LivingDiningRoom-840,train
LivingRoom-20330,train
LivingRoom-26776,train
LivingDiningRoom-16262,train
LivingDiningRoom-974,train
LivingDiningRoom-47932,train
LivingDiningRoom-3811,train
LivingRoom-8388,train
LivingRoom-16859,train
LivingDiningRoom-9744,train
LivingRoom-419,train
LivingRoom-125465,train
LivingRoom-1259,train
LivingDiningRoom-10332,train
LivingDiningRoom-33417,train
LivingDiningRoom-17627,train
LivingDiningRoom-3009,train
LivingDiningRoom-34998,train
LivingDiningRoom-4010,train
LivingRoom-20694,train
LivingDiningRoom-15430,train
LivingDiningRoom-9293,train
LivingDiningRoom-22,train
LivingDiningRoom-276256,train
LivingDiningRoom-387499,train
LivingDiningRoom-14731,train
LivingRoom-2870,train
LivingDiningRoom-13623,train
LivingRoom-31779,train
LivingDiningRoom-47146,train
LivingRoom-50184,train
LivingDiningRoom-16265,train
LivingDiningRoom-19284,train
LivingDiningRoom-6885,train
LivingRoom-211,train
LivingDiningRoom-3192,train
LivingDiningRoom-15409,train
LivingDiningRoom-2447,train
LivingDiningRoom-410,train
LivingRoom-151325,train
LivingDiningRoom-3023,train
LivingDiningRoom-1768,train
LivingDiningRoom-7033,train
LivingDiningRoom-76810,train
LivingDiningRoom-49733,train
LivingDiningRoom-5614,train
LivingDiningRoom-15128,train
LivingDiningRoom-8606,train
LivingRoom-64258,train
LivingDiningRoom-3061,train
LivingDiningRoom-12646,train
LivingRoom-25131,train
LivingRoom-33419,train
LivingDiningRoom-3345,train
LivingDiningRoom-56338,train
LivingRoom-3586,train
LivingRoom-23891,train
LivingDiningRoom-29720,train
LivingDiningRoom-135185,train
LivingDiningRoom-28707,train
LivingDiningRoom-1764,train
LivingRoom-60617,train
LivingDiningRoom-1307,train
LivingDiningRoom-7375,train
LivingDiningRoom-2636,train
LivingDiningRoom-75271,train
LivingDiningRoom-1415,train
LivingDiningRoom-70212,train
LivingDiningRoom-29413,train
LivingRoom-13751,train
LivingDiningRoom-29981,train
LivingRoom-10181,train
LivingDiningRoom-40130,train
LivingDiningRoom-2293,train
LivingRoom-7104,train
LivingRoom-5030,train
LivingDiningRoom-6582,train
LivingRoom-3217,train
LivingRoom-8674,train
LivingDiningRoom-43258,train
LivingDiningRoom-57408,train
LivingDiningRoom-251550,train
LivingDiningRoom-77047,train
LivingDiningRoom-2166,train
LivingDiningRoom-22827,train
LivingDiningRoom-17287,train
LivingRoom-70368,train
LivingDiningRoom-11917,train
LivingRoom-14441,train
LivingDiningRoom-53384,train
LivingDiningRoom-1482,train
LivingDiningRoom-1922,train
LivingRoom-42866,train
LivingDiningRoom-20514,train
LivingRoom-34701,train
LivingDiningRoom-13779,train
LivingDiningRoom-30127,train
LivingRoom-217340,train
LivingRoom-32097,train
LivingRoom-22878,train
LivingRoom-4167,train
LivingRoom-2136,train
LivingDiningRoom-1164,train
LivingDiningRoom-18418,train
LivingDiningRoom-768,train
LivingRoom-79050,train
LivingDiningRoom-84174,train
LivingDiningRoom-614,train
LivingDiningRoom-21042,train
LivingRoom-22265,train
LivingRoom-10051,train
LivingRoom-7264,train
LivingDiningRoom-4094,train
LivingDiningRoom-40054,train
LivingDiningRoom-9821,train
LivingDiningRoom-68575,train
LivingDiningRoom-63349,train
LivingDiningRoom-13274,train
LivingDiningRoom-26193,train
LivingDiningRoom-4154,train
LivingDiningRoom-997,train
LivingRoom-12351,train
LivingDiningRoom-130326,train
LivingDiningRoom-17558,train
LivingDiningRoom-69704,train
LivingRoom-1566,train
LivingDiningRoom-18479,train
LivingRoom-5067,train
LivingDiningRoom-241089,train
LivingRoom-13150,train
LivingDiningRoom-2031,train
LivingDiningRoom-13860,train
LivingDiningRoom-89405,train
LivingDiningRoom-25416,train
LivingDiningRoom-9014,train
LivingDiningRoom-8201,train
LivingDiningRoom-38729,train
LivingDiningRoom-3965,train
LivingDiningRoom-5562,train
LivingRoom-3587,train
LivingRoom-16316,train
LivingDiningRoom-41360,train
LivingDiningRoom-59170,train
LivingDiningRoom-79770,train
LivingDiningRoom-452,train
LivingRoom-43669,train
LivingDiningRoom-1499,train
LivingRoom-19289,train
LivingDiningRoom-8297,train
LivingDiningRoom-2439,train
LivingDiningRoom-162963,train
LivingDiningRoom-1549,train
LivingDiningRoom-1196,train
LivingDiningRoom-14564,train
LivingDiningRoom-6580,train
LivingRoom-14482,train
LivingDiningRoom-20509,train
LivingDiningRoom-13172,train
LivingRoom-24203,train
LivingDiningRoom-37405,train
LivingDiningRoom-35325,train
LivingDiningRoom-7707,train
LivingDiningRoom-18544,train
LivingDiningRoom-7994,train
LivingDiningRoom-1159,train
LivingDiningRoom-3232,train
LivingRoom-33359,train
LivingDiningRoom-13776,train
LivingRoom-6504,train
LivingDiningRoom-429,train
LivingDiningRoom-16509,train
LivingRoom-27288,train
LivingDiningRoom-28785,train
LivingDiningRoom-12619,train
LivingDiningRoom-46824,train
LivingDiningRoom-10413,train
LivingRoom-1537,train
LivingDiningRoom-4007,train
LivingRoom-22927,train
LivingDiningRoom-84890,train
LivingDiningRoom-37978,train
LivingDiningRoom-18,train
LivingDiningRoom-19698,train
LivingRoom-4460,train
LivingDiningRoom-86,train
LivingDiningRoom-19493,train
LivingDiningRoom-50495,train
LivingDiningRoom-12009,train
LivingDiningRoom-13039,train
LivingDiningRoom-460,train
LivingDiningRoom-3150,train
LivingDiningRoom-15529,train
LivingDiningRoom-3263,train
LivingDiningRoom-50008,train
LivingDiningRoom-8302,train
LivingDiningRoom-5198,train
LivingDiningRoom-24276,train
LivingDiningRoom-8389,train
LivingRoom-2296,train
LivingRoom-186,train
LivingDiningRoom-2815,train
LivingDiningRoom-16531,train
LivingDiningRoom-62199,train
LivingDiningRoom-6010,train
LivingDiningRoom-51922,train
LivingDiningRoom-771,train
LivingDiningRoom-71656,train
LivingDiningRoom-15759,train
LivingDiningRoom-3859,train
LivingRoom-5500,train
LivingRoom-8754,train
LivingDiningRoom-18212,train
LivingDiningRoom-22189,train
LivingDiningRoom-1654,train
LivingRoom-27919,train
LivingDiningRoom-13536,train
LivingRoom-2584,train
LivingDiningRoom-8565,train
LivingDiningRoom-23611,train
LivingRoom-10294,train
LivingDiningRoom-9803,train
LivingDiningRoom-32666,train
LivingDiningRoom-9643,train
LivingDiningRoom-140230,train
LivingRoom-91111,train
LivingDiningRoom-29708,train
LivingDiningRoom-7865,train
LivingDiningRoom-11176,train
LivingDiningRoom-3215,train
LivingRoom-4131,train
LivingRoom-3176,train
LivingDiningRoom-6953,train
LivingRoom-3685,train
LivingRoom-20452,train
LivingDiningRoom-54045,train
LivingDiningRoom-80907,train
LivingDiningRoom-61638,train
LivingDiningRoom-14685,train
LivingDiningRoom-849,train
LivingDiningRoom-3498,train
LivingDiningRoom-11151,train
LivingDiningRoom-8243,train
LivingDiningRoom-3581,train
LivingDiningRoom-15997,train
LivingRoom-147643,train
LivingDiningRoom-36321,train
LivingDiningRoom-31345,train
LivingRoom-100708,train
LivingDiningRoom-355,train
LivingDiningRoom-78953,train
LivingDiningRoom-71691,train
LivingDiningRoom-5970,train
LivingDiningRoom-94924,train
LivingDiningRoom-6221,train
LivingDiningRoom-10060,train
LivingDiningRoom-36001,train
LivingRoom-13182,train
LivingDiningRoom-29341,train
LivingRoom-2602,train
LivingDiningRoom-10377,train
LivingRoom-18393,train
LivingDiningRoom-128304,train
LivingDiningRoom-36908,train
LivingRoom-29809,train
LivingDiningRoom-20601,train
LivingDiningRoom-1447,train
LivingDiningRoom-174,train
LivingDiningRoom-18581,train
LivingRoom-57772,train
LivingDiningRoom-17104,train
LivingDiningRoom-58100,train
LivingRoom-32091,train
LivingDiningRoom-12319,train
LivingDiningRoom-25259,train
LivingRoom-10983,train
LivingDiningRoom-4827,train
LivingDiningRoom-74225,train
LivingDiningRoom-498787,train
LivingDiningRoom-7751,train
LivingRoom-13916,train
LivingRoom-105005,train
LivingDiningRoom-5279,train
LivingDiningRoom-176493,train
LivingDiningRoom-8367,train
LivingDiningRoom-68617,train
LivingRoom-10745,train
LivingRoom-5774,train
LivingDiningRoom-1255,train
LivingRoom-728,train
LivingRoom-60895,train
LivingDiningRoom-37641,train
LivingDiningRoom-116594,train
LivingRoom-16371,train
LivingDiningRoom-11598,train
LivingDiningRoom-11795,train
LivingDiningRoom-66992,train
LivingRoom-9418,train
LivingDiningRoom-18482,train
LivingDiningRoom-1899,train
LivingDiningRoom-13570,train
LivingDiningRoom-3969,train
LivingRoom-30957,train
LivingDiningRoom-71271,train
LivingDiningRoom-2312,train
LivingDiningRoom-22775,train
LivingDiningRoom-1771,train
LivingDiningRoom-143705,train
LivingDiningRoom-12166,train
LivingDiningRoom-58838,train
LivingDiningRoom-9241,train
LivingDiningRoom-31431,train
LivingDiningRoom-1170,train
LivingDiningRoom-70142,train
LivingDiningRoom-40723,train
LivingDiningRoom-14848,train
LivingDiningRoom-65025,train
LivingDiningRoom-29533,train
LivingRoom-72876,train
LivingDiningRoom-229707,train
LivingRoom-17004,train
LivingDiningRoom-27805,train
LivingRoom-21877,train
LivingDiningRoom-8871,train
LivingRoom-13296,train
LivingDiningRoom-7942,train
LivingDiningRoom-108722,train
LivingDiningRoom-3471,train
LivingRoom-30925,train
LivingRoom-28660,train
LivingDiningRoom-128466,train
LivingDiningRoom-32204,train
LivingDiningRoom-9462,train
LivingRoom-43168,train
LivingDiningRoom-24435,train
LivingDiningRoom-9944,train
LivingRoom-35298,train
LivingDiningRoom-5343,train
LivingRoom-14341,train
LivingRoom-19334,train
LivingDiningRoom-39897,train
LivingDiningRoom-880,train
LivingDiningRoom-17476,train
LivingDiningRoom-36660,train
LivingDiningRoom-451,train
LivingDiningRoom-57605,train
LivingDiningRoom-6155,train
LivingDiningRoom-13537,train
LivingDiningRoom-10661,train
LivingDiningRoom-70369,train
LivingDiningRoom-15263,train
LivingRoom-50269,train
LivingDiningRoom-71738,train
LivingRoom-69078,train
LivingDiningRoom-7430,train
LivingDiningRoom-3028,train
LivingRoom-22225,train
LivingDiningRoom-5177,train
LivingDiningRoom-16798,train
LivingRoom-1479,train
LivingDiningRoom-76816,train
LivingDiningRoom-3932,train
LivingRoom-5349,train
LivingDiningRoom-10957,train
LivingDiningRoom-46001,train
LivingDiningRoom-38265,train
LivingRoom-4321,train
LivingRoom-2583,train
LivingDiningRoom-11875,train
LivingDiningRoom-103021,train
LivingDiningRoom-5605,train
LivingDiningRoom-8331,train
LivingDiningRoom-79610,train
LivingDiningRoom-41577,train
LivingDiningRoom-58936,train
LivingDiningRoom-42210,train
LivingRoom-9738,train
LivingDiningRoom-66312,train
LivingDiningRoom-9629,train
LivingDiningRoom-199957,train
LivingRoom-12229,train
LivingDiningRoom-19221,train
LivingDiningRoom-9254,train
LivingRoom-10060,train
LivingDiningRoom-5131,train
LivingDiningRoom-5405,train
LivingRoom-1998,train
LivingDiningRoom-149977,train
LivingDiningRoom-3012,train
LivingDiningRoom-48758,train
LivingDiningRoom-28607,train
LivingDiningRoom-74263,train
LivingDiningRoom-17556,train
LivingRoom-31978,train
LivingDiningRoom-3354,train
LivingDiningRoom-93491,train
LivingDiningRoom-50953,train
LivingDiningRoom-25241,train
LivingRoom-11459,train
LivingDiningRoom-5162,train
LivingDiningRoom-63124,train
LivingDiningRoom-28456,train
LivingDiningRoom-1344,train
LivingRoom-1087,train
LivingDiningRoom-11094,train
LivingDiningRoom-10183,train
LivingDiningRoom-2027,train
LivingDiningRoom-8999,train
LivingDiningRoom-1007,train
LivingRoom-41316,train
LivingDiningRoom-2344,train
LivingRoom-6404,train
LivingRoom-29862,train
LivingDiningRoom-1497,train
LivingRoom-14138,train
LivingRoom-13685,train
LivingDiningRoom-3874,train
LivingDiningRoom-35319,train
LivingDiningRoom-88963,train
LivingDiningRoom-19453,train
LivingDiningRoom-29829,train
LivingDiningRoom-2276,train
LivingDiningRoom-19646,train
LivingRoom-69328,train
LivingDiningRoom-504,train
LivingDiningRoom-17669,train
LivingRoom-33627,train
LivingRoom-2735,train
LivingRoom-4702,train
LivingDiningRoom-1287,train
LivingRoom-16206,train
LivingDiningRoom-59734,train
LivingDiningRoom-19680,train
LivingDiningRoom-5688,train
LivingRoom-8148,train
LivingDiningRoom-6533,train
LivingDiningRoom-57583,train
LivingDiningRoom-7287,train
LivingDiningRoom-1679,train
LivingRoom-4950,train
LivingDiningRoom-7057,train
LivingDiningRoom-32592,train
LivingDiningRoom-21498,train
LivingDiningRoom-527,train
LivingDiningRoom-751,train
LivingRoom-12895,train
LivingDiningRoom-9192,train
LivingDiningRoom-1763175,train
LivingRoom-26168,train
LivingDiningRoom-127734,train
LivingDiningRoom-75023,train
LivingDiningRoom-9769,train
LivingDiningRoom-31529,train
LivingDiningRoom-43360,train
LivingDiningRoom-4585,train
LivingDiningRoom-2056,train
LivingDiningRoom-78747,train
LivingDiningRoom-17356,train
LivingRoom-87428,train
LivingDiningRoom-72394,train
LivingDiningRoom-455,train
LivingDiningRoom-79190,train
LivingDiningRoom-2739,train
LivingRoom-3041,train
LivingRoom-8496,train
LivingDiningRoom-13872,train
LivingDiningRoom-10711,train
LivingDiningRoom-2576,train
LivingDiningRoom-118815,train
LivingDiningRoom-23786,train
LivingDiningRoom-4064,train
LivingDiningRoom-22060,train
LivingDiningRoom-13179,train
LivingDiningRoom-2676,train
LivingDiningRoom-21803,train
LivingDiningRoom-26094,train
LivingRoom-126513,train
LivingDiningRoom-1592,train
LivingRoom-34938,train
LivingDiningRoom-11910,train
LivingDiningRoom-8883,train
LivingDiningRoom-5010,train
LivingDiningRoom-5799,train
LivingDiningRoom-44720,train
LivingRoom-43378,train
LivingRoom-6614,train
LivingRoom-5212,train
LivingDiningRoom-74612,train
LivingDiningRoom-3513,train
LivingDiningRoom-373,train
LivingRoom-6833,train
LivingRoom-104718,train
LivingDiningRoom-1711,train
LivingRoom-300299,train
LivingDiningRoom-24287,train
LivingRoom-20662,train
LivingDiningRoom-67883,train
LivingDiningRoom-11292,train
LivingDiningRoom-45017,train
LivingDiningRoom-553,train
LivingDiningRoom-8806,train
LivingDiningRoom-232,train
LivingRoom-370,train
LivingRoom-63045,train
LivingDiningRoom-89031,train
LivingRoom-3340,train
LivingDiningRoom-4096,train
LivingRoom-1391,train
LivingDiningRoom-33986,train
LivingDiningRoom-3715,train
LivingDiningRoom-25555,train
LivingDiningRoom-3025,train
LivingDiningRoom-71754,train
LivingDiningRoom-24525,train
LivingDiningRoom-14603,train
LivingDiningRoom-3854,train
LivingDiningRoom-27256,train
LivingDiningRoom-131278,train
LivingDiningRoom-378,train
LivingRoom-13022,train
LivingDiningRoom-1566,train
LivingRoom-98034,train
LivingDiningRoom-148559,train
LivingDiningRoom-10589,train
LivingDiningRoom-3501,train
LivingDiningRoom-5201,train
LivingDiningRoom-30264,train
LivingDiningRoom-17782,train
LivingDiningRoom-3372,train
LivingDiningRoom-152170,train
LivingRoom-1276,train
LivingDiningRoom-3510,train
LivingDiningRoom-14899,train
LivingDiningRoom-10595,train
LivingDiningRoom-4894,train
LivingRoom-26627,train
LivingRoom-9939,train
LivingRoom-26898,train
LivingRoom-23388,train
LivingDiningRoom-2476,train
LivingDiningRoom-7645,train
LivingDiningRoom-10562,train
LivingDiningRoom-15211,train
LivingDiningRoom-45488,train
LivingDiningRoom-48528,train
LivingRoom-35546,train
LivingDiningRoom-15610,train
LivingDiningRoom-2486,train
LivingDiningRoom-5782,train
LivingRoom-5110,train
LivingDiningRoom-65448,train
LivingDiningRoom-21674,train
LivingRoom-76661,train
LivingDiningRoom-11608,train
LivingDiningRoom-6034,train
LivingRoom-178450,train
LivingDiningRoom-21253,train
LivingDiningRoom-4137,train
LivingRoom-678735,train
LivingDiningRoom-1320,train
LivingDiningRoom-7708,train
LivingDiningRoom-54356,train
LivingDiningRoom-18095,train
LivingDiningRoom-2189,train
LivingDiningRoom-11637,train
LivingDiningRoom-1291,train
LivingDiningRoom-16155,train
LivingDiningRoom-8149,train
LivingDiningRoom-5677,train
LivingRoom-37239,train
LivingDiningRoom-46669,train
LivingRoom-513,train
LivingDiningRoom-6845,train
LivingDiningRoom-37285,train
LivingDiningRoom-32255,train
LivingDiningRoom-16709,train
LivingDiningRoom-5178,train
LivingDiningRoom-32202,train
LivingRoom-6512,train
LivingDiningRoom-825,train
LivingRoom-890,train
LivingDiningRoom-1172,train
LivingRoom-33726,train
LivingDiningRoom-277579,train
LivingDiningRoom-43602,train
LivingDiningRoom-7965,train
LivingDiningRoom-66502,train
LivingRoom-22444,train
LivingDiningRoom-9101,train
LivingRoom-4892,train
LivingDiningRoom-184411,train
LivingDiningRoom-641,train
LivingDiningRoom-36077,train
LivingDiningRoom-2691,train
LivingDiningRoom-4370,train
LivingDiningRoom-46996,train
LivingDiningRoom-28924,train
LivingDiningRoom-61351,train
LivingDiningRoom-1651,train
LivingDiningRoom-39432,train
LivingDiningRoom-17293,train
LivingDiningRoom-5264,train
LivingDiningRoom-18578,train
LivingDiningRoom-13072,train
LivingDiningRoom-33368,train
LivingDiningRoom-12747,train
LivingDiningRoom-4143,train
LivingDiningRoom-12916,train
LivingDiningRoom-1767,train
LivingDiningRoom-137481,train
LivingDiningRoom-74769,train
LivingDiningRoom-40738,train
LivingRoom-77742,train
LivingDiningRoom-17084,train
LivingDiningRoom-2891,train
LivingDiningRoom-13493,train
LivingDiningRoom-10479,train
LivingDiningRoom-1886,train
LivingDiningRoom-34090,train
LivingDiningRoom-9028,train
LivingDiningRoom-605,train
LivingRoom-36282,train
LivingDiningRoom-12442,train
LivingDiningRoom-12325,train
LivingDiningRoom-61469,train
LivingDiningRoom-18180,train
LivingDiningRoom-4327,train
LivingDiningRoom-61800,train
LivingDiningRoom-7555,train
LivingDiningRoom-7786,train
LivingDiningRoom-1323,train
LivingDiningRoom-7870,train
LivingRoom-2057,train
LivingDiningRoom-2897,train
LivingRoom-2023,train
LivingRoom-25393,train
LivingDiningRoom-5328,train
LivingDiningRoom-13075,train
LivingDiningRoom-10108,train
LivingDiningRoom-8262,train
LivingDiningRoom-1223,train
LivingDiningRoom-35857,train
LivingDiningRoom-11931,train
LivingDiningRoom-7999,train
LivingRoom-1605,train
LivingRoom-6154,train
LivingDiningRoom-45270,train
LivingDiningRoom-20487,train
LivingDiningRoom-233,train
LivingDiningRoom-29009,train
LivingDiningRoom-26200,train
LivingRoom-24507,train
LivingRoom-11555,train
LivingDiningRoom-83473,train
LivingDiningRoom-1984,train
LivingDiningRoom-52399,train
LivingDiningRoom-50633,train
LivingDiningRoom-16027,train
LivingDiningRoom-44356,train
LivingDiningRoom-73383,train
LivingRoom-10740,train
LivingDiningRoom-18809,train
LivingDiningRoom-15722,train
LivingDiningRoom-7675,train
LivingDiningRoom-1122,train
LivingDiningRoom-4768,train
LivingDiningRoom-148086,train
LivingRoom-66954,train
LivingDiningRoom-25702,train
LivingRoom-7921,train
LivingDiningRoom-9939,train
LivingDiningRoom-8049,train
LivingDiningRoom-4473,train
LivingRoom-33448,train
LivingDiningRoom-2575,train
LivingDiningRoom-18782,train
LivingRoom-6092,train
LivingDiningRoom-79595,train
LivingDiningRoom-10177,train
LivingDiningRoom-55391,train
LivingRoom-41411,train
LivingDiningRoom-7220,train
LivingDiningRoom-81868,train
LivingRoom-40636,train
LivingDiningRoom-9588,train
LivingDiningRoom-10046,train
LivingDiningRoom-15478,train
LivingDiningRoom-41202,train
LivingRoom-20315,train
LivingDiningRoom-11218,train
LivingDiningRoom-144857,train
LivingDiningRoom-828,train
LivingDiningRoom-162404,train
LivingRoom-15502,train
LivingDiningRoom-29125,train
LivingDiningRoom-28283,train
LivingDiningRoom-57761,train
LivingDiningRoom-8678,train
LivingDiningRoom-109523,train
LivingDiningRoom-6601,train
LivingDiningRoom-4294,train
LivingDiningRoom-27263,train
LivingDiningRoom-14021,train
LivingDiningRoom-3986,train
LivingDiningRoom-5217,train
LivingDiningRoom-8718,train
LivingRoom-22000,train
LivingDiningRoom-93820,train
LivingRoom-27888,train
LivingRoom-15623,train
LivingDiningRoom-11500,train
LivingDiningRoom-9942,train
LivingDiningRoom-83131,train
LivingDiningRoom-14773,train
LivingDiningRoom-37350,train
LivingDiningRoom-13646,train
LivingDiningRoom-18335,train
LivingRoom-8904,train
LivingDiningRoom-74705,train
LivingDiningRoom-2872,train
LivingDiningRoom-1105,train
LivingDiningRoom-2980,train
LivingDiningRoom-44943,train
LivingDiningRoom-17588,train
LivingRoom-8974,train
LivingDiningRoom-15709,train
LivingDiningRoom-15322,train
LivingDiningRoom-37928,train
LivingDiningRoom-6403,train
LivingRoom-43146,train
LivingDiningRoom-21623,train
LivingDiningRoom-1389,train
LivingDiningRoom-7165,train
LivingRoom-567049,train
LivingDiningRoom-210185,train
LivingDiningRoom-8142,train
LivingDiningRoom-8276,train
LivingRoom-46694,train
LivingDiningRoom-11244,train
LivingDiningRoom-31906,train
LivingRoom-11442,train
LivingDiningRoom-57979,train
LivingDiningRoom-13044,train
LivingDiningRoom-1310,train
LivingDiningRoom-2806,train
LivingDiningRoom-13678,train
LivingDiningRoom-312,train
LivingDiningRoom-13439,train
LivingRoom-25752,train
LivingDiningRoom-4689,train
LivingDiningRoom-99898,train
LivingDiningRoom-18338,train
LivingDiningRoom-44165,train
LivingRoom-5401,train
LivingRoom-8087,train
LivingRoom-34146,train
LivingDiningRoom-32055,train
LivingDiningRoom-37289,train
LivingDiningRoom-2095,train
LivingDiningRoom-8752,train
LivingRoom-9734,train
LivingRoom-68549,train
LivingDiningRoom-209282,train
LivingDiningRoom-11398,train
LivingRoom-5831,train
LivingDiningRoom-2964,train
LivingDiningRoom-6148,train
LivingDiningRoom-25353,train
LivingDiningRoom-45836,train
LivingDiningRoom-272614,train
LivingRoom-5161,train
LivingDiningRoom-10245,train
LivingDiningRoom-1520,train
LivingRoom-6327,train
LivingRoom-14735,train
LivingRoom-7954,train
LivingDiningRoom-36763,train
LivingRoom-686,train
LivingDiningRoom-11452,train
LivingDiningRoom-13700,train
LivingDiningRoom-1985,train
LivingDiningRoom-60592,train
LivingDiningRoom-23314,train
LivingRoom-5633,train
LivingRoom-6803,train
LivingRoom-17606,train
LivingDiningRoom-3328,train
LivingDiningRoom-25659,train
LivingDiningRoom-10723,train
LivingRoom-355604,train
LivingDiningRoom-38006,train
LivingRoom-9452,train
LivingDiningRoom-9337,train
LivingDiningRoom-164051,train
LivingRoom-13648,train
LivingDiningRoom-136982,train
LivingRoom-659,train
LivingRoom-21437,train
LivingDiningRoom-72132,train
LivingDiningRoom-1123,train
LivingDiningRoom-54190,train
LivingDiningRoom-18488,train
LivingDiningRoom-37710,train
LivingDiningRoom-13177,train
LivingDiningRoom-23067,train
LivingDiningRoom-19192,train
LivingDiningRoom-1141,train
LivingRoom-71357,train
LivingDiningRoom-9367,train
LivingDiningRoom-34339,train
LivingDiningRoom-4149,train
LivingDiningRoom-26837,train
LivingDiningRoom-26031,train
LivingDiningRoom-2919,train
LivingRoom-12827,train
LivingDiningRoom-20428,train
LivingDiningRoom-1362,train
LivingRoom-31965,train
LivingDiningRoom-6259,train
LivingDiningRoom-4261,train
LivingDiningRoom-4481,train
LivingRoom-14509,train
LivingDiningRoom-2042,train
LivingRoom-41606,train
LivingDiningRoom-36481,train
LivingDiningRoom-37229,train
LivingDiningRoom-102710,train
LivingDiningRoom-56658,train
LivingDiningRoom-4682,train
LivingDiningRoom-517,train
LivingDiningRoom-26811,train
LivingDiningRoom-6787,train
LivingDiningRoom-27857,train
LivingDiningRoom-4501,train
LivingDiningRoom-8192,train
LivingDiningRoom-74085,train
LivingDiningRoom-57027,train
LivingRoom-34013,train
LivingDiningRoom-46150,train
LivingDiningRoom-12577,train
LivingDiningRoom-121211,train
LivingRoom-301603,train
LivingRoom-4260,train
LivingRoom-64720,train
LivingDiningRoom-69843,train
LivingDiningRoom-29327,train
LivingDiningRoom-17882,train
LivingDiningRoom-10913,train
LivingRoom-402,train
LivingDiningRoom-31866,train
LivingRoom-61247,train
LivingDiningRoom-7102,train
LivingDiningRoom-7766,train
LivingRoom-16866,train
LivingDiningRoom-15286,train
LivingDiningRoom-52974,train
LivingRoom-1809,train
LivingRoom-3401,train
LivingDiningRoom-86944,train
LivingRoom-18936,train
LivingRoom-117225,train
LivingDiningRoom-2316,train
LivingDiningRoom-46750,train
LivingDiningRoom-998,train
LivingDiningRoom-13082,train
LivingDiningRoom-4564,train
LivingRoom-1747,train
LivingDiningRoom-30828,train
LivingRoom-17283,train
LivingRoom-29651,train
LivingDiningRoom-4696,train
LivingDiningRoom-16827,train
LivingRoom-17985,train
LivingDiningRoom-6899,train
LivingRoom-48562,train
LivingRoom-45932,train
LivingRoom-37531,train
LivingDiningRoom-9340,train
LivingDiningRoom-1110,train
LivingRoom-88888,train
LivingRoom-21210,train
LivingDiningRoom-31720,train
LivingDiningRoom-453,train
LivingDiningRoom-35237,train
LivingDiningRoom-74893,train
LivingDiningRoom-1228,train
LivingDiningRoom-18871,train
LivingDiningRoom-37353,train
LivingRoom-10453,train
LivingDiningRoom-8229,train
LivingDiningRoom-13912,train
LivingRoom-67005,train
LivingDiningRoom-5339,train
LivingRoom-13753,train
LivingDiningRoom-124615,train
LivingDiningRoom-5908,train
LivingRoom-41500,train
LivingRoom-5480,train
LivingDiningRoom-12863,train
LivingRoom-13719,train
LivingRoom-1598,train
LivingDiningRoom-38341,train
LivingDiningRoom-162447,train
LivingRoom-28161,train
LivingDiningRoom-23413,train
LivingDiningRoom-15465,train
LivingDiningRoom-10350,train
LivingRoom-85523,train
LivingDiningRoom-26903,train
LivingDiningRoom-6240,train
LivingRoom-276933,train
LivingRoom-6670,train
LivingDiningRoom-8921,train
LivingDiningRoom-15790,train
LivingDiningRoom-21638,train
LivingDiningRoom-588,train
LivingDiningRoom-569,train
LivingDiningRoom-6372,train
LivingDiningRoom-7023,train
LivingDiningRoom-7036,train
LivingDiningRoom-544,train
LivingRoom-5614,train
LivingDiningRoom-16253,train
LivingDiningRoom-1272,train
LivingRoom-20951,train
LivingDiningRoom-9992,train
LivingDiningRoom-2663,train
LivingDiningRoom-11113,train
LivingDiningRoom-43353,train
LivingDiningRoom-54572,train
LivingDiningRoom-51736,train
LivingDiningRoom-3204,train
LivingRoom-53948,train
LivingDiningRoom-86495,train
LivingDiningRoom-1632,train
LivingRoom-89400,train
LivingDiningRoom-55239,train
LivingDiningRoom-76909,train
LivingRoom-29200,train
LivingDiningRoom-10179,train
LivingDiningRoom-32452,train
LivingDiningRoom-5486,train
LivingRoom-8140,train
LivingDiningRoom-1750,train
LivingDiningRoom-17426,train
LivingDiningRoom-33940,train
LivingDiningRoom-148144,train
LivingRoom-3929,train
LivingDiningRoom-1516,train
LivingRoom-19481,train
LivingDiningRoom-281,train
LivingDiningRoom-27578,train
LivingDiningRoom-27006,train
LivingDiningRoom-37192,train
LivingDiningRoom-2829,train
LivingDiningRoom-48055,train
LivingRoom-17062,train
LivingRoom-8326,train
LivingDiningRoom-3047,train
LivingDiningRoom-78978,train
LivingDiningRoom-87566,train
LivingDiningRoom-3769,train
LivingDiningRoom-4495,train
LivingDiningRoom-7249,train
LivingRoom-3263,train
LivingDiningRoom-176519,train
LivingRoom-25971,train
LivingDiningRoom-25199,train
LivingDiningRoom-41173,train
LivingRoom-40686,train
LivingDiningRoom-2300,train
LivingRoom-2797,train
LivingDiningRoom-8006,train
LivingDiningRoom-70537,train
LivingDiningRoom-1243,train
LivingDiningRoom-4693,train
LivingDiningRoom-9569,train
LivingRoom-30722,train
LivingRoom-13112,train
LivingRoom-4053,train
LivingRoom-568,train
LivingDiningRoom-26544,train
LivingRoom-14683,train
LivingDiningRoom-34816,train
LivingDiningRoom-48579,train
LivingDiningRoom-18879,train
LivingDiningRoom-6534,train
LivingRoom-14036,train
LivingDiningRoom-47893,train
LivingRoom-30137,train
LivingDiningRoom-5333,train
LivingDiningRoom-1028,train
LivingDiningRoom-78283,train
LivingRoom-28128,train
LivingDiningRoom-5341,train
LivingDiningRoom-8095,train
LivingDiningRoom-5310,train
LivingDiningRoom-223767,train
LivingDiningRoom-2620,train
LivingDiningRoom-10624,train
LivingDiningRoom-1801,train
LivingDiningRoom-24922,train
LivingDiningRoom-8406,train
LivingRoom-2586,train
LivingRoom-20436,train
LivingDiningRoom-19626,train
LivingRoom-12380,train
LivingRoom-214380,train
LivingRoom-20334,train
LivingDiningRoom-38033,train
LivingDiningRoom-96248,train
LivingDiningRoom-12191,train
LivingDiningRoom-27102,train
LivingDiningRoom-14482,train
LivingDiningRoom-18047,train
LivingDiningRoom-54029,train
LivingDiningRoom-6989,train
LivingDiningRoom-12300,train
LivingDiningRoom-4474,train
LivingRoom-539,train
LivingDiningRoom-36803,train
LivingRoom-20182,train
LivingDiningRoom-8799,train
LivingDiningRoom-563,train
LivingRoom-40215,train
LivingDiningRoom-25291,train
LivingDiningRoom-9123,train
LivingDiningRoom-15171,train
LivingDiningRoom-12895,train
LivingDiningRoom-52572,train
LivingDiningRoom-2884,train
LivingDiningRoom-1600,train
LivingDiningRoom-54997,train
LivingDiningRoom-37196,train
LivingRoom-169028,train
LivingDiningRoom-10339,train
LivingRoom-864,train
LivingDiningRoom-22571,train
LivingDiningRoom-1334,train
LivingDiningRoom-41538,train
LivingDiningRoom-7183,train
LivingDiningRoom-6501,train
LivingRoom-3255,train
LivingDiningRoom-11919,train
LivingDiningRoom-14579,train
LivingDiningRoom-13138,train
LivingDiningRoom-35991,train
LivingRoom-18059,train
LivingRoom-422,train
LivingDiningRoom-46422,train
LivingDiningRoom-41799,train
LivingDiningRoom-3474,train
LivingDiningRoom-19979,train
LivingDiningRoom-58272,train
LivingDiningRoom-22877,train
LivingDiningRoom-2456,train
LivingDiningRoom-45994,train
LivingDiningRoom-56999,train
LivingDiningRoom-34192,train
LivingDiningRoom-74522,train
LivingDiningRoom-4742,train
LivingDiningRoom-39480,train
LivingDiningRoom-29614,train
LivingDiningRoom-32152,train
LivingDiningRoom-2332,train
LivingRoom-9232,train
LivingRoom-409,train
LivingDiningRoom-44225,train
LivingDiningRoom-10576,train
LivingDiningRoom-19374,train
LivingDiningRoom-582952,train
LivingDiningRoom-6679,train
LivingDiningRoom-3062,train
LivingDiningRoom-21727,train
LivingRoom-8888,train
LivingDiningRoom-49915,train
LivingDiningRoom-515,train
LivingDiningRoom-14929,train
LivingDiningRoom-9549,train
LivingDiningRoom-10768,train
LivingRoom-5722,train
LivingDiningRoom-10509,train
LivingRoom-65525,train
LivingDiningRoom-8104,train
LivingRoom-3638,train
LivingDiningRoom-1013645,train
LivingDiningRoom-13289,train
LivingDiningRoom-109572,train
LivingRoom-20377,train
LivingDiningRoom-58459,train
LivingDiningRoom-45363,train
LivingDiningRoom-25562,train
LivingDiningRoom-63599,train
LivingDiningRoom-74331,train
LivingRoom-10474,train
LivingDiningRoom-13633,train
LivingRoom-33692,train
LivingDiningRoom-919,train
LivingDiningRoom-22011,train
LivingRoom-15930,train
LivingDiningRoom-1700,train
LivingRoom-61164,train
LivingRoom-166532,train
LivingDiningRoom-243010,train
LivingRoom-2853,train
LivingRoom-37056,train
LivingDiningRoom-28130,train
LivingDiningRoom-13879,train
LivingRoom-15834,train
LivingDiningRoom-20748,train
LivingDiningRoom-586460,train
LivingDiningRoom-9479,train
LivingDiningRoom-7360,train
LivingDiningRoom-37840,train
LivingDiningRoom-159,train
LivingDiningRoom-33482,train
LivingDiningRoom-31520,train
LivingDiningRoom-761,train
LivingRoom-88254,train
LivingDiningRoom-8714,train
LivingRoom-140697,train
LivingDiningRoom-42983,train
LivingRoom-20703,train
LivingDiningRoom-8388,train
LivingDiningRoom-42072,train
LivingDiningRoom-14159,train
LivingDiningRoom-24120,train
LivingRoom-3351,train
LivingRoom-97290,train
LivingRoom-27368,train
LivingRoom-8571,train
LivingDiningRoom-2241,train
LivingDiningRoom-53366,train
LivingDiningRoom-6385,train
LivingDiningRoom-4812,train
LivingDiningRoom-31878,train
LivingDiningRoom-24969,train
LivingRoom-24458,train
LivingDiningRoom-10508,train
LivingDiningRoom-13134,train
LivingDiningRoom-1004,train
LivingRoom-9395,train
LivingDiningRoom-68606,train
LivingRoom-24666,train
LivingDiningRoom-51652,train
LivingRoom-68606,train
LivingRoom-18600,train
LivingRoom-53762,train
LivingDiningRoom-60564,train
LivingRoom-3591,train
LivingRoom-46317,train
LivingRoom-21654,train
LivingDiningRoom-2640,train
LivingDiningRoom-7124,train
LivingDiningRoom-9870,train
LivingRoom-83910,train
LivingDiningRoom-75174,train
LivingRoom-288,train
LivingDiningRoom-6884,train
LivingDiningRoom-268,train
LivingDiningRoom-10290,train
LivingDiningRoom-7674,train
LivingRoom-154153,train
LivingDiningRoom-48904,train
LivingRoom-22976,train
LivingDiningRoom-22126,train
LivingRoom-7331,train
LivingDiningRoom-11736,train
LivingRoom-69073,train
LivingDiningRoom-29971,train
LivingDiningRoom-10485,train
LivingDiningRoom-19390,train
LivingRoom-2351,train
LivingRoom-9143,train
LivingDiningRoom-29227,train
LivingRoom-9739,train
LivingRoom-45500,train
LivingDiningRoom-35025,train
LivingDiningRoom-2775,train
LivingRoom-2212,train
LivingDiningRoom-3181,train
LivingDiningRoom-846,train
LivingDiningRoom-76356,train
LivingDiningRoom-132916,train
LivingRoom-18816,train
LivingDiningRoom-19076,train
LivingDiningRoom-16646,train
LivingDiningRoom-176026,train
LivingRoom-11207,train
LivingRoom-8766,train
LivingDiningRoom-17923,train
LivingDiningRoom-17276,train
LivingDiningRoom-114074,train
LivingDiningRoom-9621,train
LivingDiningRoom-56772,train
LivingDiningRoom-23474,train
LivingRoom-35223,train
LivingDiningRoom-14067,train
LivingRoom-65671,train
LivingRoom-21101,train
LivingDiningRoom-16634,train
LivingDiningRoom-57707,train
LivingDiningRoom-39667,train
LivingRoom-704,train
LivingDiningRoom-277,train
LivingDiningRoom-25741,train
LivingDiningRoom-23133,train
LivingDiningRoom-8428,train
LivingDiningRoom-24805,train
LivingDiningRoom-579,train
LivingRoom-29166,train
LivingRoom-1848,train
LivingDiningRoom-100199,train
LivingDiningRoom-6507,train
LivingDiningRoom-22470,train
LivingDiningRoom-2384,train
LivingRoom-27926,train
LivingDiningRoom-12993,train
LivingDiningRoom-4820,train
LivingDiningRoom-4247,train
LivingDiningRoom-56006,train
LivingDiningRoom-6629,train
LivingDiningRoom-21372,train
LivingRoom-3941,train
LivingDiningRoom-5956,train
LivingRoom-23446,train
LivingDiningRoom-112491,train
LivingRoom-73555,train
LivingRoom-83039,train
LivingDiningRoom-53432,train
LivingRoom-5904,train
LivingRoom-3203,train
LivingDiningRoom-8452,train
LivingDiningRoom-707,train
LivingDiningRoom-9763,train
LivingDiningRoom-1572,train
LivingDiningRoom-6079,train
LivingRoom-15478,train
LivingRoom-11294,train
LivingRoom-4242,train
LivingDiningRoom-100604,train
LivingRoom-3254,train
LivingRoom-22136,train
LivingDiningRoom-4316,train
LivingRoom-15545,train
LivingDiningRoom-14571,train
LivingRoom-5387,train
LivingDiningRoom-108,train
LivingRoom-18781,train
LivingRoom-1820,train
LivingDiningRoom-7585,train
LivingDiningRoom-27430,train
LivingDiningRoom-56499,train
LivingDiningRoom-42540,train
LivingDiningRoom-68183,train
LivingDiningRoom-30130,train
LivingDiningRoom-22096,train
LivingRoom-75530,train
LivingRoom-16627,train
LivingDiningRoom-8122,train
LivingRoom-8582,train
LivingDiningRoom-82096,train
LivingDiningRoom-6081,train
LivingDiningRoom-98003,train
LivingDiningRoom-14337,train
LivingRoom-11300,train
LivingDiningRoom-13252,train
LivingRoom-11765,train
LivingDiningRoom-10928,train
LivingDiningRoom-4241,train
LivingDiningRoom-85975,train
LivingDiningRoom-18536,train
LivingDiningRoom-13574,train
LivingDiningRoom-12394,train
LivingDiningRoom-35492,train
LivingRoom-35383,train
LivingDiningRoom-2258,train
LivingDiningRoom-22223,train
LivingDiningRoom-6697,train
LivingDiningRoom-9219,train
LivingRoom-8157,train
LivingRoom-9863,train
LivingDiningRoom-16072,train
LivingDiningRoom-5388,train
LivingRoom-63866,train
LivingDiningRoom-43447,train
LivingDiningRoom-25794,train
LivingRoom-100116,train
LivingDiningRoom-502,train
LivingDiningRoom-12109,train
LivingDiningRoom-762,train
LivingDiningRoom-15481,train
LivingDiningRoom-6296,train
LivingDiningRoom-21484,train
LivingRoom-10108,train
LivingRoom-9812,train
LivingRoom-186045,train
LivingRoom-5551,train
LivingDiningRoom-2143,train
LivingDiningRoom-1048,train
LivingRoom-261732,train
LivingDiningRoom-194,train
LivingDiningRoom-19919,train
LivingDiningRoom-28873,train
LivingRoom-24876,train
LivingDiningRoom-10871,train
LivingRoom-105598,train
LivingDiningRoom-26288,train
LivingDiningRoom-28655,train
LivingRoom-67073,train
LivingDiningRoom-10021,train
LivingDiningRoom-10773,train
LivingRoom-44568,train
LivingDiningRoom-26803,train
LivingDiningRoom-902,train
LivingDiningRoom-38413,train
LivingDiningRoom-9581,train
LivingDiningRoom-10258,train
LivingDiningRoom-15208,train
LivingRoom-7915,train
LivingDiningRoom-58975,train
LivingDiningRoom-8728,train
LivingDiningRoom-77935,train
LivingRoom-15104,train
LivingDiningRoom-21154,train
LivingDiningRoom-11695,train
LivingDiningRoom-17088,train
LivingDiningRoom-9373,train
LivingDiningRoom-420,train
LivingRoom-30280,train
LivingDiningRoom-6252,train
LivingDiningRoom-5180,train
LivingDiningRoom-33915,train
LivingDiningRoom-105821,train
LivingRoom-21631,train
LivingRoom-3559,train
LivingDiningRoom-10484,train
LivingRoom-7022,train
LivingDiningRoom-75530,train
LivingRoom-8268,train
LivingRoom-19181,train
LivingDiningRoom-10119,train
LivingRoom-17413,train
LivingRoom-36683,train
LivingDiningRoom-28193,train
LivingDiningRoom-197,train
LivingRoom-26823,train
LivingDiningRoom-12784,train
LivingDiningRoom-5909,train
LivingRoom-15506,train
LivingRoom-56168,train
LivingDiningRoom-5117,train
LivingDiningRoom-15982,train
LivingDiningRoom-13186,train
LivingRoom-25169,train
LivingDiningRoom-18898,train
LivingRoom-611,train
LivingDiningRoom-72789,train
LivingDiningRoom-4399,train
LivingDiningRoom-113137,train
LivingDiningRoom-71082,train
LivingDiningRoom-7298,train
LivingRoom-47118,train
LivingDiningRoom-14814,train
LivingRoom-70214,train
LivingDiningRoom-961,train
LivingDiningRoom-23971,train
LivingDiningRoom-29089,train
LivingDiningRoom-799,train
LivingRoom-38688,train
LivingDiningRoom-234263,train
LivingDiningRoom-10018,train
LivingDiningRoom-75508,train
LivingDiningRoom-8736,train
LivingDiningRoom-68763,train
LivingRoom-30076,train
LivingDiningRoom-28748,train
LivingRoom-3435,train
LivingDiningRoom-57220,train
LivingDiningRoom-42833,train
LivingDiningRoom-14861,train
LivingDiningRoom-19349,train
LivingDiningRoom-23833,train
LivingRoom-28397,train
LivingRoom-45093,train
LivingDiningRoom-1895,train
LivingRoom-6982,train
LivingDiningRoom-13566,train
LivingDiningRoom-7681,train
LivingDiningRoom-62928,train
LivingRoom-35924,train
LivingDiningRoom-3155,train
LivingDiningRoom-95189,train
LivingRoom-37216,train
LivingDiningRoom-8968,train
LivingDiningRoom-6861,train
LivingDiningRoom-20777,train
LivingDiningRoom-24902,train
LivingDiningRoom-14772,train
LivingRoom-3698,train
LivingDiningRoom-3032,train
LivingDiningRoom-9217,train
LivingDiningRoom-5187,train
LivingDiningRoom-15222,train
LivingDiningRoom-42436,train
LivingRoom-11325,train
LivingDiningRoom-1171,train
LivingDiningRoom-49509,train
LivingDiningRoom-11284,train
LivingRoom-4019,train
LivingRoom-14264,train
LivingDiningRoom-32821,train
LivingRoom-26266,train
LivingDiningRoom-59156,train
LivingDiningRoom-11960,train
LivingDiningRoom-4811,train
LivingRoom-901,train
LivingDiningRoom-4271,train
LivingRoom-4967,train
LivingDiningRoom-39494,train
LivingDiningRoom-41235,train
LivingDiningRoom-19131,train
LivingDiningRoom-6109,train
LivingDiningRoom-27702,train
LivingRoom-54356,train
LivingRoom-17538,train
LivingDiningRoom-10578,train
LivingDiningRoom-25608,train
LivingDiningRoom-8288,train
LivingRoom-7865,train
LivingDiningRoom-64631,train
LivingRoom-51713,train
LivingDiningRoom-5774,train
LivingDiningRoom-216,train
LivingDiningRoom-25512,train
LivingDiningRoom-914,train
LivingDiningRoom-26069,train
LivingDiningRoom-6060,train
LivingDiningRoom-8032,train
LivingDiningRoom-31515,train
LivingDiningRoom-4122,train
LivingDiningRoom-30043,train
LivingDiningRoom-11780,train
LivingRoom-2527,train
LivingRoom-15858,train
LivingDiningRoom-13061,train
LivingDiningRoom-13653,train
LivingRoom-48209,train
LivingDiningRoom-19103,train
LivingRoom-27749,train
LivingRoom-38204,train
LivingDiningRoom-23435,train
LivingRoom-1738,train
LivingDiningRoom-3777,train
LivingRoom-2831,train
LivingDiningRoom-35290,train
LivingRoom-1344,train
LivingDiningRoom-124277,train
LivingRoom-46246,train
LivingDiningRoom-536,train
LivingRoom-2962,train
LivingDiningRoom-5823,train
LivingRoom-25340,train
LivingDiningRoom-35730,train
LivingRoom-12324,train
LivingDiningRoom-15712,train
LivingRoom-21131,train
LivingDiningRoom-56654,train
LivingRoom-1437,train
LivingRoom-53727,train
LivingDiningRoom-279,train
LivingDiningRoom-3558,train
LivingDiningRoom-39192,train
LivingRoom-4561,train
LivingDiningRoom-46873,train
LivingDiningRoom-38311,train
LivingDiningRoom-5053,train
LivingRoom-6035,train
LivingDiningRoom-43726,train
LivingDiningRoom-1795,train
LivingDiningRoom-3936,train
LivingDiningRoom-72618,train
LivingDiningRoom-2352,train
LivingRoom-11670,train
LivingDiningRoom-13538,train
LivingDiningRoom-2943,train
LivingRoom-15640,train
LivingRoom-5469,train
LivingDiningRoom-8495,train
LivingRoom-64842,train
LivingDiningRoom-218030,train
LivingDiningRoom-10620,train
LivingRoom-13510,train
LivingDiningRoom-65225,train
LivingDiningRoom-48212,train
LivingRoom-7106,train
LivingDiningRoom-3766,train
LivingDiningRoom-22548,train
LivingDiningRoom-10867,train
LivingRoom-62595,train
LivingDiningRoom-39252,train
LivingRoom-5149,train
LivingRoom-1951,train
LivingDiningRoom-52730,train
LivingDiningRoom-108064,train
LivingDiningRoom-1898,train
LivingDiningRoom-34713,train
LivingRoom-3926,train
LivingDiningRoom-239354,train
LivingDiningRoom-1788,train
LivingRoom-3792,train
LivingDiningRoom-48379,train
LivingDiningRoom-63837,train
LivingDiningRoom-62089,train
LivingDiningRoom-10397,train
LivingDiningRoom-3367,train
LivingRoom-27249,train
LivingRoom-6159,train
LivingDiningRoom-73378,train
LivingDiningRoom-6422,train
LivingRoom-26884,train
LivingRoom-737,train
LivingDiningRoom-163914,train
LivingDiningRoom-3737,train
LivingRoom-73184,train
LivingRoom-242230,train
LivingRoom-44661,train
LivingDiningRoom-5684,train
LivingDiningRoom-23625,train
LivingDiningRoom-20192,train
LivingDiningRoom-242648,train
LivingDiningRoom-168377,train
LivingDiningRoom-33244,train
LivingDiningRoom-5503,train
LivingRoom-48845,train
LivingRoom-4488,train
LivingDiningRoom-14085,train
LivingRoom-34140,train
LivingDiningRoom-5502,train
LivingDiningRoom-9722,train
LivingDiningRoom-39669,train
LivingDiningRoom-4027,train
LivingDiningRoom-11143,train
LivingDiningRoom-3831,train
LivingDiningRoom-55121,train
LivingDiningRoom-968,train
LivingDiningRoom-19432,train
LivingDiningRoom-39478,train
LivingRoom-42174,train
LivingDiningRoom-12211,train
LivingDiningRoom-4681,train
LivingDiningRoom-11939,train
LivingDiningRoom-8356,train
LivingDiningRoom-58197,train
LivingRoom-67001,train
LivingDiningRoom-37001,train
LivingDiningRoom-61051,train
LivingDiningRoom-110103,train
LivingDiningRoom-14778,train
LivingRoom-88523,train
LivingDiningRoom-3380,train
LivingRoom-36226,train
LivingDiningRoom-14508,train
LivingDiningRoom-28056,train
LivingDiningRoom-2029,train
LivingDiningRoom-77564,train
LivingDiningRoom-6295,train
LivingRoom-33047,train
LivingDiningRoom-17406,train
LivingDiningRoom-77437,train
LivingDiningRoom-1315,train
LivingDiningRoom-38408,train
LivingDiningRoom-13972,train
LivingDiningRoom-31700,train
LivingDiningRoom-13074,train
LivingRoom-1667,train
LivingDiningRoom-1762146,train
LivingDiningRoom-45484,train
LivingDiningRoom-74474,train
LivingRoom-7404,train
LivingDiningRoom-31684,train
LivingRoom-318,train
LivingDiningRoom-20817,train
LivingDiningRoom-3013,train
LivingDiningRoom-10763,train
LivingDiningRoom-126850,train
LivingDiningRoom-5728,train
LivingDiningRoom-1900,train
LivingDiningRoom-35830,train
LivingDiningRoom-11958,train
LivingDiningRoom-14386,train
LivingRoom-19382,train
LivingRoom-10252,train
LivingDiningRoom-1080,train
LivingDiningRoom-30557,train
LivingRoom-17565,train
LivingDiningRoom-126918,train
LivingDiningRoom-54940,train
LivingDiningRoom-648,train
LivingDiningRoom-55608,train
LivingRoom-3449,train
LivingDiningRoom-7922,train
LivingRoom-27723,train
LivingDiningRoom-2393,train
LivingDiningRoom-39151,train
LivingDiningRoom-201,train
LivingDiningRoom-6842,train
LivingRoom-13937,train
LivingRoom-15510,train
LivingDiningRoom-34906,train
LivingDiningRoom-29374,train
LivingRoom-501,train
LivingDiningRoom-61187,train
LivingDiningRoom-21076,train
LivingDiningRoom-3531,train
LivingDiningRoom-5381,train
LivingRoom-59395,train
LivingDiningRoom-149139,train
LivingRoom-128603,train
LivingDiningRoom-101119,train
LivingDiningRoom-223781,train
LivingDiningRoom-20064,train
LivingDiningRoom-31418,train
LivingDiningRoom-6369,train
LivingDiningRoom-25117,train
LivingDiningRoom-186,train
LivingDiningRoom-9961,train
LivingDiningRoom-19107,train
LivingDiningRoom-537,train
LivingRoom-1644,train
LivingDiningRoom-154453,train
LivingDiningRoom-1994,train
LivingDiningRoom-58935,train
LivingDiningRoom-6936,train
LivingDiningRoom-40391,train
LivingDiningRoom-14573,train
LivingDiningRoom-40062,train
LivingDiningRoom-11552,train
LivingDiningRoom-61958,train
LivingRoom-3094,train
LivingRoom-46675,train
LivingDiningRoom-43974,train
LivingRoom-75402,train
LivingDiningRoom-124348,train
LivingRoom-1679,train
LivingDiningRoom-1762539,train
LivingDiningRoom-3064,train
LivingDiningRoom-31754,train
LivingDiningRoom-11167,train
LivingRoom-20386,train
LivingDiningRoom-72973,train
LivingRoom-104297,train
LivingDiningRoom-1354,train
LivingRoom-10086,train
LivingDiningRoom-507,train
LivingDiningRoom-226690,train
LivingDiningRoom-29669,train
LivingDiningRoom-44684,train
LivingRoom-32596,train
LivingDiningRoom-25545,train
LivingDiningRoom-4385,train
LivingRoom-14183,train
LivingDiningRoom-81390,train
LivingDiningRoom-39679,train
LivingDiningRoom-37387,train
LivingRoom-10224,train
LivingRoom-3398,train
LivingDiningRoom-11801,train
LivingDiningRoom-5552,train
LivingDiningRoom-34204,train
LivingDiningRoom-22962,train
LivingDiningRoom-11362,train
LivingRoom-518,train
LivingDiningRoom-30159,train
LivingDiningRoom-81790,train
LivingRoom-41901,train
LivingRoom-39485,train
LivingDiningRoom-7160,train
LivingDiningRoom-7730,train
LivingDiningRoom-36227,train
LivingDiningRoom-27142,train
LivingDiningRoom-26347,train
LivingDiningRoom-31210,train
LivingDiningRoom-2652,train
LivingRoom-29186,train
LivingDiningRoom-79863,train
LivingRoom-38434,train
LivingDiningRoom-20731,train
LivingDiningRoom-842,train
LivingDiningRoom-39619,train
LivingDiningRoom-54136,train
LivingDiningRoom-12275,train
LivingDiningRoom-36702,train
LivingRoom-2668,train
LivingRoom-39213,train
LivingDiningRoom-21823,train
LivingDiningRoom-10683,train
LivingDiningRoom-12221,train
LivingDiningRoom-9746,train
LivingDiningRoom-45341,train
LivingDiningRoom-7812,train
LivingDiningRoom-14966,train
LivingDiningRoom-575,train
LivingRoom-14342,train
LivingDiningRoom-16369,train
LivingRoom-85955,train
LivingRoom-6350,train
LivingDiningRoom-35413,train
LivingDiningRoom-12414,train
LivingRoom-516,train
LivingDiningRoom-9159,train
LivingDiningRoom-4468,train
LivingDiningRoom-10085,train
LivingDiningRoom-31561,train
LivingDiningRoom-14619,train
LivingDiningRoom-3438,train
LivingDiningRoom-148830,train
LivingRoom-6584,train
LivingRoom-91959,train
LivingRoom-44797,train
LivingDiningRoom-23701,train
LivingDiningRoom-18334,train
LivingRoom-90778,train
LivingDiningRoom-23236,train
LivingDiningRoom-5153,train
LivingDiningRoom-22994,train
LivingRoom-5486,train
LivingDiningRoom-2520,train
LivingRoom-3204,train
LivingDiningRoom-7028,train
LivingDiningRoom-426,train
LivingDiningRoom-18382,train
LivingDiningRoom-57947,train
LivingDiningRoom-11161,train
LivingDiningRoom-9063,train
LivingDiningRoom-4513,train
LivingRoom-178896,train
LivingDiningRoom-97781,train
LivingDiningRoom-35067,train
LivingDiningRoom-7916,train
LivingRoom-6638,train
LivingDiningRoom-34345,train
LivingDiningRoom-554,train
LivingDiningRoom-65973,train
LivingDiningRoom-27919,train
LivingDiningRoom-10703,train
LivingRoom-7487,train
LivingDiningRoom-54135,train
LivingDiningRoom-9895,train
LivingDiningRoom-41067,train
LivingDiningRoom-518,train
LivingDiningRoom-34640,train
LivingDiningRoom-45371,train
LivingDiningRoom-37793,train
LivingDiningRoom-151931,train
LivingRoom-5458,train
LivingDiningRoom-16427,train
LivingDiningRoom-11249,train
LivingDiningRoom-5551,train
LivingDiningRoom-38061,train
LivingDiningRoom-10921,train
LivingRoom-111397,train
LivingDiningRoom-16458,train
LivingDiningRoom-27395,train
LivingDiningRoom-2959,train
LivingRoom-45612,train
LivingRoom-76893,train
LivingRoom-26049,train
LivingDiningRoom-27364,train
LivingDiningRoom-20779,train
LivingDiningRoom-10681,train
LivingRoom-27256,train
LivingDiningRoom-22101,train
LivingDiningRoom-6878,train
LivingDiningRoom-51264,train
LivingDiningRoom-21871,train
LivingDiningRoom-2138,train
LivingDiningRoom-118911,train
LivingDiningRoom-19024,train
LivingDiningRoom-17615,train
LivingDiningRoom-81683,train
LivingDiningRoom-300,train
LivingDiningRoom-32710,train
LivingDiningRoom-2359,train
LivingRoom-31723,train
LivingRoom-327,train
LivingDiningRoom-1130,train
LivingDiningRoom-44053,train
LivingDiningRoom-29144,train
LivingDiningRoom-3807,train
LivingDiningRoom-16181,train
LivingRoom-18071,train
LivingDiningRoom-4760,train
LivingDiningRoom-46190,train
LivingDiningRoom-29062,train
LivingRoom-47663,train
LivingDiningRoom-23254,train
LivingDiningRoom-17525,train
LivingRoom-83183,train
LivingDiningRoom-28017,train
LivingDiningRoom-66888,train
LivingDiningRoom-57244,train
LivingRoom-38700,train
LivingRoom-13428,train
LivingDiningRoom-16103,train
LivingDiningRoom-91005,train
LivingDiningRoom-4830,train
LivingDiningRoom-60826,train
LivingDiningRoom-25360,train
LivingRoom-17908,train
LivingDiningRoom-51552,train
LivingDiningRoom-379,train
LivingDiningRoom-50364,train
LivingDiningRoom-17107,train
LivingRoom-2528,train
LivingRoom-28092,train
LivingDiningRoom-11122,train
LivingRoom-22467,train
LivingRoom-67314,train
LivingRoom-23938,train
LivingRoom-65719,train
LivingDiningRoom-6267,train
LivingDiningRoom-259603,train
LivingDiningRoom-34404,train
LivingDiningRoom-28046,train
LivingDiningRoom-12578,train
LivingDiningRoom-10402,train
LivingDiningRoom-74931,train
LivingDiningRoom-14997,train
LivingDiningRoom-170249,train
LivingDiningRoom-44142,train
LivingDiningRoom-10278,train
LivingDiningRoom-6171,train
LivingRoom-40968,train
LivingDiningRoom-3209,train
LivingRoom-2294,train
LivingRoom-17302,train
LivingRoom-25843,train
LivingDiningRoom-6485,train
LivingDiningRoom-5442,train
LivingDiningRoom-8627,train
LivingDiningRoom-23732,train
LivingDiningRoom-1140,train
LivingRoom-2104,train
LivingDiningRoom-20422,train
LivingDiningRoom-1379,train
LivingDiningRoom-14473,train
LivingRoom-11525,train
LivingRoom-16096,train
LivingDiningRoom-21391,train
LivingRoom-8377,train
LivingDiningRoom-18864,train
LivingDiningRoom-8358,train
LivingDiningRoom-6971,train
LivingDiningRoom-15114,train
LivingDiningRoom-4536,train
LivingDiningRoom-1342,train
LivingDiningRoom-6908,train
LivingDiningRoom-3527,train
LivingDiningRoom-31611,train
LivingDiningRoom-11510,train
LivingDiningRoom-10256,train
LivingDiningRoom-12514,train
LivingDiningRoom-6746,train
LivingDiningRoom-473,train
LivingDiningRoom-169,train
LivingDiningRoom-5278,train
LivingRoom-903,test
LivingDiningRoom-16801,test
LivingDiningRoom-139436,test
LivingRoom-12699,test
LivingDiningRoom-49442,test
LivingRoom-4789,test
LivingDiningRoom-13594,test
LivingDiningRoom-14873,test
LivingDiningRoom-13447,test
LivingRoom-11414,test
LivingDiningRoom-18918,test
LivingDiningRoom-19855,test
LivingDiningRoom-20097,test
LivingDiningRoom-22965,test
LivingRoom-618,test
LivingDiningRoom-41517,test
LivingDiningRoom-1561,test
LivingDiningRoom-13775,test
LivingDiningRoom-38649,test
LivingRoom-88425,test
LivingDiningRoom-21284,test
LivingDiningRoom-14232,test
LivingDiningRoom-14432,test
LivingDiningRoom-85449,test
LivingRoom-15947,test
LivingDiningRoom-15244,test
LivingDiningRoom-146209,test
LivingDiningRoom-25038,test
LivingDiningRoom-2432,test
LivingRoom-35461,test
LivingRoom-791,test
LivingRoom-14423,test
LivingDiningRoom-6202,test
LivingDiningRoom-15768,test
LivingDiningRoom-107,test
LivingDiningRoom-39781,test
LivingDiningRoom-14261,test
LivingDiningRoom-1050,test
LivingRoom-19623,test
LivingDiningRoom-27164,test
LivingDiningRoom-37746,test
LivingDiningRoom-8375,test
LivingDiningRoom-18728,test
LivingDiningRoom-95560,test
LivingDiningRoom-10362,test
LivingDiningRoom-80242,test
LivingDiningRoom-16770,test
LivingDiningRoom-244183,test
LivingDiningRoom-19339,test
LivingDiningRoom-59834,test
LivingDiningRoom-23744,test
LivingDiningRoom-24141,test
LivingRoom-2159,test
LivingDiningRoom-35769,test
LivingDiningRoom-35029,test
LivingRoom-1914,test
LivingDiningRoom-12848,test
LivingDiningRoom-77544,test
LivingDiningRoom-17385,test
LivingDiningRoom-177292,test
LivingDiningRoom-13662,test
LivingDiningRoom-1921,test
LivingDiningRoom-9921,test
LivingRoom-18385,test
LivingDiningRoom-19784,test
LivingDiningRoom-34257,test
LivingRoom-11224,test
LivingDiningRoom-46747,test
LivingDiningRoom-15199,test
LivingDiningRoom-7979,test
LivingRoom-87797,test
LivingDiningRoom-18670,test
LivingRoom-10632,test
LivingRoom-860,test
LivingDiningRoom-248,test
LivingDiningRoom-1128,test
LivingDiningRoom-5119,test
LivingDiningRoom-20899,test
LivingDiningRoom-1806,test
LivingDiningRoom-32392,test
LivingDiningRoom-3428,test
LivingDiningRoom-53560,test
LivingDiningRoom-13945,test
LivingDiningRoom-24470,test
LivingRoom-68923,test
LivingDiningRoom-16314,test
LivingDiningRoom-60607,test
LivingDiningRoom-172224,test
LivingDiningRoom-4217,test
LivingRoom-4797,test
LivingDiningRoom-26998,test
LivingDiningRoom-10501,test
LivingDiningRoom-6843,test
LivingDiningRoom-10094,test
LivingRoom-40217,test
LivingDiningRoom-79285,test
LivingRoom-20458,test
LivingDiningRoom-37172,test
LivingDiningRoom-46767,test
LivingDiningRoom-20298,test
LivingDiningRoom-33445,test
LivingRoom-3540,test
LivingDiningRoom-60728,test
LivingDiningRoom-26436,test
LivingDiningRoom-60457,test
LivingDiningRoom-62037,test
LivingDiningRoom-6844,test
LivingDiningRoom-7363,test
LivingDiningRoom-16828,test
LivingRoom-19730,test
LivingDiningRoom-1381,test
LivingDiningRoom-2508,test
LivingDiningRoom-16547,test
LivingRoom-19043,test
LivingDiningRoom-14491,test
LivingRoom-4621,test
LivingDiningRoom-81775,test
LivingDiningRoom-61522,test
LivingDiningRoom-10917,test
LivingRoom-12271,test
LivingDiningRoom-26053,test
LivingDiningRoom-13038,test
LivingDiningRoom-103719,test
LivingDiningRoom-4293,test
LivingDiningRoom-2729,test
LivingDiningRoom-45329,test
LivingDiningRoom-11165,test
LivingDiningRoom-48869,test
LivingDiningRoom-31653,test
LivingDiningRoom-60539,test
LivingRoom-11526,test
LivingRoom-4250,test
LivingDiningRoom-237560,test
LivingDiningRoom-4056,test
LivingDiningRoom-72103,test
LivingDiningRoom-4131,test
LivingDiningRoom-4440,test
LivingRoom-18135,test
LivingDiningRoom-24997,test
LivingDiningRoom-13927,test
LivingDiningRoom-106046,test
LivingRoom-24400,test
LivingDiningRoom-12822,test
LivingDiningRoom-10866,test
LivingRoom-30098,test
LivingDiningRoom-21045,test
LivingDiningRoom-84215,test
LivingRoom-24701,test
LivingDiningRoom-12873,test
LivingDiningRoom-70961,test
LivingDiningRoom-2783,test
LivingDiningRoom-276836,test
LivingDiningRoom-16739,test
LivingDiningRoom-8120,test
LivingDiningRoom-6087,test
LivingRoom-71071,test
LivingDiningRoom-77884,test
LivingDiningRoom-78331,test
LivingDiningRoom-8738,test
LivingRoom-9097,test
LivingRoom-6942,test
LivingRoom-17216,test
LivingDiningRoom-262051,test
LivingDiningRoom-8304,test
LivingDiningRoom-20242,test
LivingDiningRoom-10016,test
LivingDiningRoom-12385,test
LivingRoom-55,test
LivingDiningRoom-23620,test
LivingDiningRoom-259192,test
LivingDiningRoom-5362,test
LivingDiningRoom-430,test
LivingDiningRoom-7096,test
LivingRoom-25109,test
LivingRoom-16429,test
LivingRoom-118209,test
LivingRoom-1097,test
LivingDiningRoom-5560,test
LivingRoom-46201,test
LivingRoom-26286,test
LivingDiningRoom-2435,test
LivingDiningRoom-2917,test
LivingRoom-4960,test
LivingRoom-71542,test
LivingDiningRoom-223,test
LivingDiningRoom-10134,test
LivingDiningRoom-7050,test
LivingDiningRoom-1538,test
LivingDiningRoom-5080,test
LivingRoom-13599,test
LivingDiningRoom-11555,test
LivingDiningRoom-4806,test
LivingRoom-111176,test
LivingDiningRoom-13962,test
LivingRoom-16161,test
LivingDiningRoom-10201,test
LivingDiningRoom-29117,test
LivingDiningRoom-101134,test
LivingDiningRoom-76396,test
LivingDiningRoom-535,test
LivingRoom-360,test
LivingDiningRoom-5313,test
LivingDiningRoom-582,test
LivingRoom-12836,test
LivingDiningRoom-8814,test
LivingDiningRoom-113,test
LivingDiningRoom-57827,test
LivingRoom-2504,test
LivingDiningRoom-8990,test
LivingRoom-27354,test
LivingDiningRoom-35401,test
LivingRoom-34996,test
LivingDiningRoom-86060,test
LivingDiningRoom-476,test
LivingRoom-40975,test
LivingDiningRoom-34305,test
LivingRoom-21557,test
LivingDiningRoom-1231,test
LivingDiningRoom-9139,test
LivingRoom-28133,test
LivingDiningRoom-27450,test
LivingRoom-23197,test
LivingDiningRoom-52076,test
LivingDiningRoom-45001,test
LivingDiningRoom-13047,test
LivingDiningRoom-22836,test
LivingRoom-2410,test
LivingRoom-22102,test
LivingRoom-372,test
LivingDiningRoom-4587,test
LivingDiningRoom-10469,test
LivingDiningRoom-5890,test
LivingRoom-304292,test
LivingDiningRoom-22064,test
LivingRoom-29294,test
LivingRoom-60821,test
LivingDiningRoom-56195,test
LivingRoom-34816,test
LivingDiningRoom-17836,test
LivingRoom-111675,test
LivingDiningRoom-18932,test
LivingDiningRoom-5086,test
LivingDiningRoom-37867,test
LivingDiningRoom-40788,test
LivingDiningRoom-61628,test
LivingDiningRoom-10414,test
LivingDiningRoom-14661,test
LivingDiningRoom-8271,test
LivingRoom-35085,test
LivingDiningRoom-19699,test
LivingDiningRoom-18003,test
LivingDiningRoom-4257,test
LivingDiningRoom-12564,test
LivingDiningRoom-1021,test
LivingRoom-107,test
LivingDiningRoom-28105,test
LivingDiningRoom-14228,test
LivingDiningRoom-5218,test
LivingDiningRoom-14091,test
LivingRoom-48846,test
LivingDiningRoom-33892,test
LivingDiningRoom-9995,test
LivingDiningRoom-9819,test
LivingDiningRoom-85644,test
LivingDiningRoom-19798,test
LivingRoom-6703,test
LivingDiningRoom-23808,test
LivingDiningRoom-30809,test
LivingRoom-2050,test
LivingDiningRoom-27740,test
LivingRoom-40054,test
LivingRoom-23405,test
LivingDiningRoom-42,test
LivingRoom-2092,test
LivingDiningRoom-37821,test
LivingDiningRoom-10951,test
LivingDiningRoom-30876,test
LivingRoom-423,test
LivingRoom-9117,test
LivingDiningRoom-4823,test
LivingDiningRoom-27644,test
LivingDiningRoom-491,test
LivingDiningRoom-12476,test
LivingDiningRoom-10684,test
LivingRoom-25582,test
LivingDiningRoom-15377,test
LivingDiningRoom-8886,test
LivingDiningRoom-26599,test
LivingDiningRoom-28092,test
LivingDiningRoom-17657,test
LivingDiningRoom-13065,test
LivingDiningRoom-34678,test
LivingDiningRoom-211110,test
LivingRoom-8149,test
LivingRoom-68491,test
LivingRoom-799,test
LivingDiningRoom-27306,test
LivingDiningRoom-16289,test
LivingRoom-46477,test
LivingDiningRoom-7038,test
LivingDiningRoom-50563,test
LivingDiningRoom-26816,test
LivingDiningRoom-84709,test
LivingDiningRoom-119151,test
LivingDiningRoom-54384,test
LivingDiningRoom-19157,test
LivingDiningRoom-7489,test
LivingDiningRoom-14618,test
LivingRoom-2362,test
LivingDiningRoom-578191,test
LivingDiningRoom-1407,test
LivingDiningRoom-4544,test
LivingDiningRoom-10610,test
LivingDiningRoom-30837,test
LivingRoom-30185,test
LivingDiningRoom-3483,test
LivingDiningRoom-20523,test
LivingRoom-2534,test
LivingDiningRoom-7182,test
LivingDiningRoom-79156,test
LivingRoom-862,test
LivingRoom-1772,test
LivingDiningRoom-5305,test
LivingDiningRoom-6040,test
LivingRoom-5655,test
LivingDiningRoom-16138,test
LivingDiningRoom-37024,test
LivingDiningRoom-28876,test
LivingDiningRoom-8344,test
LivingDiningRoom-11606,test
LivingRoom-52921,test
LivingDiningRoom-291,test
LivingDiningRoom-814,test
LivingRoom-5013,test
LivingRoom-5732,test
LivingDiningRoom-3161,test
LivingDiningRoom-50574,test
LivingDiningRoom-12188,test
LivingDiningRoom-11012,test
LivingDiningRoom-2831,test
LivingDiningRoom-13258,test
LivingDiningRoom-838,test
LivingRoom-17888,test
LivingDiningRoom-3376,test
LivingDiningRoom-7135,test
LivingDiningRoom-11325,test
LivingDiningRoom-326,test
LivingDiningRoom-43067,test
LivingDiningRoom-18167,test
LivingDiningRoom-10069,test
LivingRoom-37001,test
LivingRoom-10425,test
LivingDiningRoom-45302,test
LivingDiningRoom-15419,test
LivingDiningRoom-9454,test
LivingDiningRoom-16163,test
LivingRoom-63852,test
LivingDiningRoom-2106,test
LivingDiningRoom-15943,test
LivingRoom-10974,test
LivingDiningRoom-56789,test
LivingDiningRoom-9931,test
LivingDiningRoom-11069,test
LivingDiningRoom-9997,test
LivingDiningRoom-27416,test
LivingDiningRoom-4185,test
LivingDiningRoom-9790,test
LivingDiningRoom-57219,test
LivingDiningRoom-3999,test
LivingDiningRoom-19935,test
LivingRoom-49717,test
LivingRoom-673,test
LivingRoom-37659,test
LivingRoom-52318,test
LivingRoom-30147,test
LivingDiningRoom-27843,test
LivingDiningRoom-10550,test
LivingRoom-27377,test
LivingRoom-52289,test
LivingDiningRoom-134680,test
LivingDiningRoom-13071,test
LivingRoom-76702,test
LivingDiningRoom-12287,test
LivingDiningRoom-3484,test
LivingDiningRoom-13403,test
LivingRoom-39777,test
LivingDiningRoom-1701,test
LivingDiningRoom-13702,test
LivingDiningRoom-5414,test
LivingDiningRoom-23725,test
LivingDiningRoom-35273,test
LivingDiningRoom-77579,test
LivingDiningRoom-6324,test
LivingRoom-9544,test
LivingDiningRoom-270,test
LivingDiningRoom-11440,test
LivingDiningRoom-1203,test
LivingDiningRoom-1650,test
LivingDiningRoom-12344,test
LivingRoom-32223,test
LivingDiningRoom-9276,test
LivingRoom-48902,test
LivingRoom-4028,test
LivingDiningRoom-11226,test
LivingDiningRoom-2954,test
LivingDiningRoom-25795,test
LivingDiningRoom-1565,test
LivingRoom-9308,test
LivingDiningRoom-10172,test
LivingDiningRoom-18089,test
LivingDiningRoom-12092,test
LivingRoom-1520,test
LivingRoom-3797,test
LivingDiningRoom-110921,test
LivingDiningRoom-204,test
LivingDiningRoom-32167,test
LivingRoom-2679,test
LivingRoom-12921,test
LivingDiningRoom-2648,test
LivingDiningRoom-15455,test
LivingRoom-9877,test
LivingRoom-26575,test
LivingDiningRoom-19536,test
LivingDiningRoom-698,test
LivingRoom-17951,test
LivingRoom-164,test
LivingRoom-1255,test
LivingDiningRoom-1419,test
LivingDiningRoom-17672,test
LivingDiningRoom-6594,test
LivingRoom-50084,test
LivingDiningRoom-1889,test
LivingRoom-3061,test
LivingDiningRoom-20425,test
LivingRoom-7918,test
LivingDiningRoom-192367,test
LivingDiningRoom-12169,test
LivingRoom-5407,test
LivingDiningRoom-629,test
LivingDiningRoom-9858,test
LivingDiningRoom-19623,test
LivingRoom-18042,test
LivingRoom-17659,test
LivingDiningRoom-109935,test
LivingRoom-3168,test
LivingRoom-38721,test
LivingDiningRoom-60667,test
LivingRoom-11804,test
LivingDiningRoom-20513,test
LivingDiningRoom-4144,test
LivingDiningRoom-42284,test
LivingDiningRoom-52613,test
LivingDiningRoom-13451,test
LivingRoom-61930,test
LivingDiningRoom-14054,test
LivingRoom-13136,test
LivingDiningRoom-44785,test
LivingDiningRoom-35939,test
LivingDiningRoom-14976,test
LivingDiningRoom-4192,test
LivingDiningRoom-2547,test
LivingDiningRoom-9272,test
LivingRoom-2958,test
LivingDiningRoom-45914,test
LivingDiningRoom-15325,test
LivingDiningRoom-12552,test
LivingDiningRoom-65070,test
LivingDiningRoom-3456,test
LivingRoom-12433,test
LivingDiningRoom-24660,test
LivingDiningRoom-3259,test
LivingDiningRoom-19612,test
LivingRoom-23471,test
LivingRoom-30538,test
LivingRoom-63467,test
LivingDiningRoom-79295,test
LivingDiningRoom-2079,test
LivingDiningRoom-88045,test
LivingDiningRoom-3349,test
LivingRoom-17396,test
LivingRoom-19240,test
LivingDiningRoom-3395,test
LivingRoom-10686,test
LivingDiningRoom-52564,test
LivingRoom-4755,test
LivingDiningRoom-48257,test
LivingDiningRoom-1201,test
LivingRoom-9184,test
LivingDiningRoom-9530,test
LivingDiningRoom-173587,test
LivingRoom-2715,test
LivingDiningRoom-34033,test
LivingDiningRoom-51556,test
LivingDiningRoom-5252,test
LivingDiningRoom-26101,test
LivingDiningRoom-758,test
LivingDiningRoom-40503,test
LivingDiningRoom-1446,test
LivingRoom-41893,test
LivingDiningRoom-9632,test
LivingDiningRoom-64952,test
LivingDiningRoom-941,test
LivingRoom-15143,test
LivingDiningRoom-8516,test
LivingDiningRoom-8843,test
LivingDiningRoom-76216,test
LivingDiningRoom-16763,test
LivingDiningRoom-2764,test
LivingRoom-5361,test
LivingDiningRoom-31506,test
LivingDiningRoom-13632,test
LivingDiningRoom-5082,test
LivingDiningRoom-25231,test
LivingDiningRoom-5087,test
LivingDiningRoom-31273,test
LivingRoom-25791,test
LivingDiningRoom-6886,test
LivingDiningRoom-65030,test
LivingDiningRoom-48663,test
LivingDiningRoom-7831,test
LivingRoom-1183,test
LivingDiningRoom-21234,test
LivingRoom-33324,test
LivingDiningRoom-12058,test
LivingRoom-38844,test
LivingRoom-34874,test
LivingDiningRoom-634,test
LivingRoom-31397,test
LivingRoom-537,test
LivingDiningRoom-14174,test
LivingRoom-1800,test
LivingRoom-151420,test
LivingDiningRoom-3911,test
LivingDiningRoom-2583,test
LivingRoom-166911,test
LivingDiningRoom-9517,test
LivingDiningRoom-6789,test
LivingDiningRoom-6966,test
LivingDiningRoom-5222,test
LivingDiningRoom-5856,test
LivingDiningRoom-10383,test
LivingRoom-1618,test
LivingDiningRoom-29268,test
LivingRoom-6045,test
LivingDiningRoom-32393,test
LivingDiningRoom-11771,test
LivingDiningRoom-3700,test
LivingDiningRoom-45776,test
LivingDiningRoom-3844,test
LivingDiningRoom-1744,test
LivingDiningRoom-84752,test
LivingRoom-24046,test
LivingRoom-21245,test
LivingDiningRoom-24240,test
LivingDiningRoom-62277,test
LivingDiningRoom-2065,test
LivingDiningRoom-14405,test
LivingDiningRoom-4471,test
LivingDiningRoom-19931,test
LivingDiningRoom-28686,test
LivingRoom-25965,test
LivingDiningRoom-10493,test
LivingDiningRoom-15055,test
LivingDiningRoom-60786,test
LivingDiningRoom-28031,test
LivingDiningRoom-24045,test
LivingDiningRoom-1933,test
LivingDiningRoom-5181,test
LivingDiningRoom-21832,test
LivingDiningRoom-69540,test
LivingDiningRoom-24540,test
LivingRoom-18176,test
LivingDiningRoom-36786,test
LivingRoom-15845,test
LivingRoom-388162,test
LivingDiningRoom-188065,test
LivingDiningRoom-4906,test
LivingRoom-31681,test
LivingDiningRoom-22874,test
LivingDiningRoom-19270,test
LivingDiningRoom-3163,test
LivingDiningRoom-166823,test
LivingDiningRoom-1625,test
LivingDiningRoom-128962,test
LivingDiningRoom-334,test
LivingRoom-21372,test
LivingDiningRoom-20597,test
LivingDiningRoom-30479,val
LivingDiningRoom-8997,val
LivingRoom-2690,val
LivingRoom-35854,val
LivingRoom-22322,val
LivingDiningRoom-57414,val
LivingRoom-59825,val
LivingDiningRoom-54606,val
LivingDiningRoom-10026,val
LivingDiningRoom-13620,val
LivingDiningRoom-18022,val
LivingDiningRoom-11895,val
LivingDiningRoom-39576,val
LivingRoom-18,val
LivingRoom-5208,val
LivingDiningRoom-15484,val
LivingDiningRoom-30387,val
LivingDiningRoom-20720,val
LivingDiningRoom-23360,val
LivingDiningRoom-18273,val
LivingRoom-21464,val
LivingRoom-20122,val
LivingDiningRoom-83247,val
LivingRoom-23777,val
LivingDiningRoom-38356,val
LivingRoom-184499,val
LivingDiningRoom-3620,val
LivingDiningRoom-7386,val
LivingDiningRoom-17826,val
LivingDiningRoom-29822,val
LivingDiningRoom-15277,val
LivingDiningRoom-21946,val
LivingDiningRoom-2109,val
LivingDiningRoom-173006,val
LivingDiningRoom-1524,val
LivingDiningRoom-25947,val
LivingDiningRoom-220,val
LivingDiningRoom-16466,val
LivingDiningRoom-119029,val
LivingDiningRoom-2020,val
LivingDiningRoom-16074,val
LivingDiningRoom-28459,val
LivingDiningRoom-3127,val
LivingDiningRoom-6157,val
LivingRoom-582,val
LivingRoom-3695,val
LivingRoom-9513,val
LivingDiningRoom-22074,val
LivingRoom-16017,val
LivingDiningRoom-15471,val
LivingDiningRoom-3674,val
LivingRoom-1253,val
LivingRoom-8603,val
LivingRoom-11427,val
LivingDiningRoom-1378,val
LivingRoom-11758,val
LivingRoom-24673,val
LivingDiningRoom-12185,val
LivingDiningRoom-180855,val
LivingDiningRoom-46408,val
LivingRoom-50363,val
LivingRoom-45533,val
LivingDiningRoom-22270,val
LivingRoom-5033,val
LivingDiningRoom-11295,val
LivingDiningRoom-7013,val
LivingRoom-12361,val
LivingRoom-32727,val
LivingRoom-472,val
LivingRoom-23725,val
LivingDiningRoom-4463,val
LivingDiningRoom-17688,val
LivingDiningRoom-77193,val
LivingDiningRoom-60442,val
LivingRoom-126,val
LivingDiningRoom-3278,val
LivingDiningRoom-56818,val
LivingDiningRoom-5987,val
LivingDiningRoom-118273,val
LivingRoom-4576,val
LivingDiningRoom-27589,val
LivingDiningRoom-67456,val
LivingDiningRoom-24924,val
LivingDiningRoom-3416,val
LivingDiningRoom-77748,val
LivingDiningRoom-26356,val
LivingRoom-7470,val
LivingDiningRoom-20577,val
LivingRoom-961,val
LivingDiningRoom-11072,val
LivingDiningRoom-10068,val
LivingDiningRoom-119327,val
LivingRoom-15009,val
LivingDiningRoom-104650,val
LivingDiningRoom-25783,val
LivingDiningRoom-83039,val
LivingRoom-22787,val
LivingDiningRoom-35084,val
LivingDiningRoom-15390,val
LivingDiningRoom-1991,val
LivingDiningRoom-6680,val
LivingRoom-12311,val
LivingDiningRoom-1149,val
LivingDiningRoom-152,val
LivingDiningRoom-69519,val
LivingDiningRoom-62241,val
LivingDiningRoom-1965,val
LivingRoom-9590,val
LivingDiningRoom-31715,val
LivingDiningRoom-2523,val
LivingRoom-4555,val
LivingDiningRoom-6855,val
LivingDiningRoom-1861,val
LivingRoom-43189,val
LivingDiningRoom-11117,val
LivingDiningRoom-13555,val
LivingRoom-19160,val
LivingDiningRoom-15891,val
LivingDiningRoom-11830,val
LivingRoom-52940,val
LivingRoom-6979,val
LivingRoom-33315,val
LivingDiningRoom-13900,val
LivingRoom-3890,val
LivingDiningRoom-13989,val
LivingRoom-66039,val
LivingRoom-3101,val
LivingDiningRoom-13259,val
LivingDiningRoom-13133,val
LivingDiningRoom-12283,val
LivingDiningRoom-16818,val
LivingDiningRoom-22029,val
LivingRoom-27729,val
LivingDiningRoom-52497,val
LivingDiningRoom-19900,val
LivingDiningRoom-6226,val
LivingRoom-76094,val
LivingDiningRoom-12661,val
LivingDiningRoom-513,val
LivingDiningRoom-9081,val
LivingRoom-4652,val
LivingRoom-42021,val
LivingDiningRoom-64,val
LivingDiningRoom-22861,val
LivingDiningRoom-79884,val
LivingRoom-27836,val
LivingRoom-20470,val
LivingRoom-11034,val
LivingDiningRoom-71961,val
LivingRoom-22468,val
LivingRoom-77421,val
LivingRoom-1352,val
LivingDiningRoom-563215,val
LivingDiningRoom-8033,val
LivingRoom-14784,val
LivingRoom-82225,val
LivingRoom-11489,val
LivingDiningRoom-32725,val
LivingDiningRoom-46222,val
LivingDiningRoom-83166,val
LivingDiningRoom-18796,val
LivingRoom-45406,val
LivingRoom-27552,val
LivingRoom-10581,val
LivingDiningRoom-145240,val
LivingDiningRoom-5734,val
LivingDiningRoom-1037,val
LivingDiningRoom-33718,val
LivingRoom-17644,val
LivingRoom-1321,val
LivingDiningRoom-514,val
LivingDiningRoom-12811,val
LivingDiningRoom-16338,val
LivingDiningRoom-32976,val
LivingDiningRoom-8272,val
LivingDiningRoom-110465,val
LivingDiningRoom-40034,val
LivingDiningRoom-61857,val
LivingDiningRoom-9678,val
LivingRoom-12203,val
LivingRoom-3973,val
LivingDiningRoom-6807,val
LivingDiningRoom-4850,val
LivingDiningRoom-37511,val
LivingRoom-950,val
LivingDiningRoom-43900,val
LivingRoom-4125,val
LivingRoom-477,val
LivingDiningRoom-35947,val
LivingDiningRoom-2152,val
LivingDiningRoom-21980,val
LivingRoom-17377,val
LivingDiningRoom-10705,val
LivingDiningRoom-7722,val
LivingDiningRoom-2610,val
LivingDiningRoom-53390,val
LivingDiningRoom-24764,val
LivingDiningRoom-18037,val
LivingRoom-2579,val
LivingDiningRoom-114634,val
LivingRoom-824,val
LivingRoom-107144,val
LivingRoom-4850,val
LivingDiningRoom-64430,val
LivingDiningRoom-11390,val
LivingDiningRoom-5013,val
LivingDiningRoom-94483,val
LivingDiningRoom-3270,val
LivingDiningRoom-26776,val
LivingDiningRoom-22654,val
LivingDiningRoom-31395,val
LivingDiningRoom-56093,val
LivingDiningRoom-22841,val
LivingDiningRoom-9828,val
LivingDiningRoom-73311,val
LivingRoom-60575,val
LivingDiningRoom-2478,val
LivingRoom-25968,val
LivingRoom-12266,val
LivingDiningRoom-837,val
LivingDiningRoom-13703,val
LivingRoom-1645,val
LivingDiningRoom-18266,val
LivingDiningRoom-51298,val
LivingDiningRoom-678,val
LivingDiningRoom-159251,val
LivingDiningRoom-57038,val
LivingDiningRoom-33283,val
LivingDiningRoom-3910,val
LivingDiningRoom-5446,val
LivingDiningRoom-20510,val
LivingDiningRoom-2077,val
LivingRoom-10766,val
LivingDiningRoom-11033,val
LivingDiningRoom-381,val
LivingRoom-515,val
LivingRoom-15957,val
LivingDiningRoom-34353,val
LivingDiningRoom-7940,val
LivingDiningRoom-4879,val
LivingRoom-3201,val
LivingDiningRoom-1097,val
LivingDiningRoom-13781,val
LivingDiningRoom-24410,val
LivingDiningRoom-13522,val
LivingDiningRoom-12138,val
LivingDiningRoom-1761262,val
LivingDiningRoom-21000,val
LivingDiningRoom-48237,val
LivingDiningRoom-62183,val
LivingDiningRoom-5280,val
LivingDiningRoom-2209,val
LivingDiningRoom-12602,val
LivingDiningRoom-72695,val
LivingRoom-135693,val
LivingDiningRoom-3542,val
LivingDiningRoom-44319,val
LivingDiningRoom-35106,val
LivingRoom-67028,val
LivingDiningRoom-31936,val
LivingRoom-78737,val
LivingRoom-19435,val
LivingDiningRoom-989,val
LivingDiningRoom-1531,val
LivingDiningRoom-212406,val
LivingDiningRoom-6131,val
LivingDiningRoom-98328,val
LivingDiningRoom-45153,val
LivingDiningRoom-11539,val
LivingDiningRoom-10253,val
LivingRoom-5549,val
LivingDiningRoom-2349,val
LivingDiningRoom-24350,val
LivingDiningRoom-2522,val
LivingRoom-9564,val
LivingRoom-41466,val
LivingDiningRoom-44955,val
LivingRoom-38575,val
LivingDiningRoom-15929,val
LivingDiningRoom-2046,val
LivingDiningRoom-7655,val
LivingDiningRoom-1006,val
LivingRoom-3225,val
LivingDiningRoom-37551,val
LivingRoom-37631,val
LivingDiningRoom-98932,val
LivingDiningRoom-34577,val
LivingDiningRoom-173466,val
LivingDiningRoom-103650,val
LivingDiningRoom-1289,val
LivingDiningRoom-1573,val
