LivingRoom-322397,train
LivingRoom-14341,train
LivingDiningRoom-20298,train
LivingDiningRoom-4094,train
LivingDiningRoom-6157,train
LivingRoom-2602,train
LivingRoom-42866,train
LivingRoom-6045,train
LivingRoom-25131,train
LivingRoom-5655,train
LivingDiningRoom-46824,train
LivingDiningRoom-150614,train
LivingDiningRoom-2653,train
LivingDiningRoom-14482,train
LivingDiningRoom-13259,train
LivingDiningRoom-3047,train
LivingRoom-13428,train
LivingRoom-53948,train
LivingDiningRoom-751,train
LivingRoom-3695,train
LivingDiningRoom-9462,train
LivingDiningRoom-2508,train
LivingDiningRoom-54997,train
LivingDiningRoom-232,train
LivingDiningRoom-1110,train
LivingDiningRoom-35492,train
LivingRoom-419,train
LivingDiningRoom-7296,train
LivingDiningRoom-241089,train
LivingDiningRoom-132916,train
LivingRoom-4561,train
LivingDiningRoom-37551,train
LivingDiningRoom-7220,train
LivingRoom-13136,train
LivingRoom-16517,train
LivingDiningRoom-14386,train
LivingDiningRoom-491,train
LivingRoom-21983,train
LivingDiningRoom-300,train
LivingDiningRoom-768,train
LivingDiningRoom-39494,train
LivingDiningRoom-24410,train
LivingRoom-15581,train
LivingRoom-1906,train
LivingDiningRoom-16265,train
LivingRoom-91111,train
LivingRoom-98034,train
LivingRoom-26049,train
LivingDiningRoom-13945,train
LivingDiningRoom-11815,train
LivingRoom-6512,train
LivingRoom-18059,train
LivingRoom-35085,train
LivingDiningRoom-31700,train
LivingDiningRoom-13071,train
LivingDiningRoom-12660,train
LivingRoom-1276,train
LivingDiningRoom-45329,train
LivingDiningRoom-21284,train
LivingDiningRoom-23971,train
LivingRoom-37659,train
LivingDiningRoom-163914,train
LivingDiningRoom-18809,train
LivingDiningRoom-9744,train
LivingDiningRoom-16634,train
LivingDiningRoom-72232,train
LivingRoom-318,train
LivingDiningRoom-76396,train
LivingDiningRoom-648,train
LivingRoom-19481,train
LivingDiningRoom-17104,train
LivingDiningRoom-25175,train
LivingRoom-41108,train
LivingDiningRoom-77748,train
LivingDiningRoom-11771,train
LivingDiningRoom-2883,train
LivingRoom-5633,train
LivingDiningRoom-4056,train
LivingDiningRoom-21391,train
LivingDiningRoom-13648,train
LivingDiningRoom-8276,train
LivingDiningRoom-1965,train
LivingDiningRoom-12058,train
LivingRoom-14930,train
LivingDiningRoom-17826,train
LivingDiningRoom-13553,train
LivingDiningRoom-34404,train
LivingDiningRoom-398,train
LivingDiningRoom-5290,train
LivingDiningRoom-26885,train
LivingRoom-37631,train
LivingDiningRoom-79190,train
LivingDiningRoom-61638,train
LivingRoom-18839,train
LivingDiningRoom-22096,train
LivingDiningRoom-62037,train
LivingDiningRoom-37001,train
LivingDiningRoom-144857,train
LivingDiningRoom-10201,train
LivingDiningRoom-2891,train
LivingRoom-4454,train
LivingDiningRoom-7751,train
LivingDiningRoom-2973,train
LivingRoom-29231,train
LivingDiningRoom-6936,train
LivingDiningRoom-18285,train
LivingDiningRoom-192367,train
LivingDiningRoom-378379,train
LivingDiningRoom-270,train
LivingRoom-9710,train
LivingDiningRoom-35947,train
LivingRoom-2351,train
LivingDiningRoom-11592,train
LivingRoom-26286,train
LivingRoom-15506,train
LivingRoom-3973,train
LivingRoom-151325,train
LivingDiningRoom-27644,train
LivingDiningRoom-3367,train
LivingRoom-1381,train
LivingDiningRoom-70369,train
LivingDiningRoom-32393,train
LivingDiningRoom-18037,train
LivingRoom-65671,train
LivingDiningRoom-64,train
LivingDiningRoom-1994,train
LivingDiningRoom-11695,train
LivingDiningRoom-98003,train
LivingDiningRoom-11333,train
LivingDiningRoom-79655,train
LivingRoom-1537,train
LivingDiningRoom-10892,train
LivingDiningRoom-14848,train
LivingDiningRoom-40062,train
LivingDiningRoom-13061,train
LivingRoom-35461,train
LivingDiningRoom-9014,train
LivingDiningRoom-11440,train
LivingDiningRoom-9333,train
LivingDiningRoom-13173,train
LivingRoom-140697,train
LivingDiningRoom-91005,train
LivingDiningRoom-64631,train
LivingRoom-3587,train
LivingDiningRoom-29062,train
LivingRoom-13648,train
LivingRoom-22322,train
LivingDiningRoom-78283,train
LivingDiningRoom-2506,train
LivingRoom-2715,train
LivingDiningRoom-23413,train
LivingDiningRoom-1701,train
LivingDiningRoom-11801,train
LivingRoom-5458,train
LivingRoom-20951,train
LivingDiningRoom-69519,train
LivingDiningRoom-29614,train
LivingDiningRoom-1004,train
LivingDiningRoom-10711,train
LivingDiningRoom-63349,train
LivingDiningRoom-3061,train
LivingDiningRoom-21808,train
LivingDiningRoom-23314,train
LivingDiningRoom-32255,train
LivingRoom-12827,train
LivingDiningRoom-24287,train
LivingRoom-4053,train
LivingDiningRoom-108722,train
LivingRoom-1618,train
LivingDiningRoom-70961,train
LivingDiningRoom-118911,train
LivingDiningRoom-10484,train
LivingRoom-26168,train
LivingDiningRoom-44356,train
LivingDiningRoom-2328,train
LivingRoom-1772,train
LivingDiningRoom-71271,train
LivingRoom-18816,train
LivingDiningRoom-32452,train
LivingDiningRoom-4434,train
LivingRoom-50084,train
LivingRoom-36683,train
LivingRoom-355604,train
LivingDiningRoom-1764,train
LivingDiningRoom-14571,train
LivingDiningRoom-13626,train
LivingDiningRoom-698,train
LivingDiningRoom-5087,train
LivingRoom-20182,train
LivingDiningRoom-1334,train
LivingDiningRoom-3041,train
LivingDiningRoom-8122,train
LivingRoom-4043,train
LivingDiningRoom-24540,train
LivingDiningRoom-5444,train
LivingDiningRoom-12999,train
LivingRoom-13753,train
LivingDiningRoom-420,train
LivingRoom-11670,train
LivingDiningRoom-41202,train
LivingDiningRoom-37641,train
LivingDiningRoom-2917,train
LivingDiningRoom-1531,train
LivingDiningRoom-426,train
LivingDiningRoom-262051,train
LivingDiningRoom-19626,train
LivingDiningRoom-15929,train
LivingRoom-83183,train
LivingDiningRoom-74612,train
LivingDiningRoom-4316,train
LivingRoom-12207,train
LivingRoom-1097,train
LivingDiningRoom-61800,train
LivingRoom-5161,train
LivingDiningRoom-35855,train
LivingDiningRoom-6843,train
LivingDiningRoom-1028,train
LivingDiningRoom-1651,train
LivingRoom-45932,train
LivingDiningRoom-3328,train
LivingDiningRoom-5217,train
LivingDiningRoom-4247,train
LivingDiningRoom-110,train
LivingDiningRoom-60564,train
LivingDiningRoom-109572,train
LivingDiningRoom-17293,train
LivingDiningRoom-3127,train
LivingDiningRoom-8886,train
LivingDiningRoom-18022,train
LivingDiningRoom-8790,train
LivingDiningRoom-13700,train
LivingDiningRoom-8026,train
LivingDiningRoom-4137,train
LivingDiningRoom-21638,train
LivingDiningRoom-13912,train
LivingRoom-11224,train
LivingDiningRoom-10738,train
LivingDiningRoom-11122,train
LivingDiningRoom-13047,train
LivingDiningRoom-126918,train
LivingDiningRoom-504,train
LivingDiningRoom-20731,train
LivingDiningRoom-3821,train
LivingRoom-4543,train
LivingRoom-22102,train
LivingDiningRoom-106046,train
LivingDiningRoom-77544,train
LivingDiningRoom-15208,train
LivingRoom-25582,train
LivingRoom-6833,train
LivingDiningRoom-268,train
LivingRoom-24701,train
LivingDiningRoom-5037,train
LivingRoom-10252,train
LivingRoom-3985,train
LivingRoom-4960,train
LivingDiningRoom-37405,train
LivingDiningRoom-1984,train
LivingDiningRoom-2432,train
LivingRoom-16750,train
LivingDiningRoom-3483,train
LivingDiningRoom-34678,train
LivingDiningRoom-379,train
LivingDiningRoom-43067,train
LivingDiningRoom-18095,train
LivingDiningRoom-11167,train
LivingDiningRoom-25617,train
LivingDiningRoom-35769,train
LivingDiningRoom-7057,train
LivingDiningRoom-8302,train
LivingDiningRoom-1900,train
LivingRoom-801,train
LivingDiningRoom-3674,train
LivingRoom-13009,train
LivingRoom-69073,train
LivingDiningRoom-13281,train
LivingDiningRoom-52564,train
LivingDiningRoom-3292,train
LivingRoom-1255,train
LivingRoom-2057,train
LivingRoom-43168,train
LivingRoom-3449,train
LivingDiningRoom-39667,train
LivingDiningRoom-29021,train
LivingRoom-14036,train
LivingDiningRoom-31395,train
LivingDiningRoom-15430,train
LivingDiningRoom-8452,train
LivingDiningRoom-30074,train
LivingDiningRoom-49733,train
LivingDiningRoom-2349,train
LivingDiningRoom-35401,train
LivingDiningRoom-47893,train
LivingDiningRoom-72618,train
LivingRoom-42161,train
LivingDiningRoom-26811,train
LivingDiningRoom-5119,train
LivingDiningRoom-40391,train
LivingRoom-126,train
LivingDiningRoom-27417,train
LivingDiningRoom-2225,train
LivingDiningRoom-37024,train
LivingDiningRoom-70354,train
LivingRoom-7264,train
LivingDiningRoom-70142,train
LivingDiningRoom-11671,train
LivingRoom-3401,train
LivingDiningRoom-10576,train
LivingDiningRoom-6403,train
LivingDiningRoom-13623,train
LivingDiningRoom-569,train
LivingRoom-30927,train
LivingDiningRoom-17356,train
LivingRoom-704,train
LivingRoom-2151,train
LivingRoom-824,train
LivingDiningRoom-8797,train
LivingDiningRoom-10493,train
LivingDiningRoom-11244,train
LivingDiningRoom-31213,train
LivingDiningRoom-1625,train
LivingRoom-89400,train
LivingRoom-12311,train
LivingDiningRoom-76216,train
LivingDiningRoom-279,train
LivingRoom-1951,train
LivingDiningRoom-6081,train
LivingDiningRoom-11539,train
LivingRoom-33324,train
LivingDiningRoom-837,train
LivingDiningRoom-6087,train
LivingDiningRoom-10479,train
LivingDiningRoom-4827,train
LivingDiningRoom-34640,train
LivingDiningRoom-13555,train
LivingDiningRoom-9632,train
LivingDiningRoom-6060,train
LivingDiningRoom-52642,train
LivingDiningRoom-29009,train
LivingDiningRoom-10723,train
LivingDiningRoom-14976,train
LivingRoom-2410,train
LivingRoom-7043,train
LivingDiningRoom-84752,train
LivingDiningRoom-5077,train
LivingDiningRoom-758,train
LivingDiningRoom-1419,train
LivingDiningRoom-37517,train
LivingDiningRoom-15114,train
LivingDiningRoom-21803,train
LivingRoom-38721,train
LivingDiningRoom-8375,train
LivingDiningRoom-13594,train
LivingDiningRoom-13678,train
LivingDiningRoom-1201,train
LivingDiningRoom-11558,train
LivingRoom-3168,train
LivingDiningRoom-1479,train
LivingRoom-1571,train
LivingDiningRoom-50391,train
LivingDiningRoom-34353,train
LivingDiningRoom-114634,train
LivingRoom-62595,train
LivingDiningRoom-57605,train
LivingDiningRoom-77579,train
LivingDiningRoom-13860,train
LivingRoom-30722,train
LivingDiningRoom-24953,train
LivingDiningRoom-7674,train
LivingDiningRoom-7210,train
LivingDiningRoom-8243,train
LivingDiningRoom-57219,train
LivingRoom-59825,train
LivingDiningRoom-9992,train
LivingDiningRoom-19374,train
LivingRoom-5401,train
LivingDiningRoom-19270,train
LivingDiningRoom-21042,train
LivingDiningRoom-9340,train
LivingDiningRoom-61027,train
LivingDiningRoom-107,train
LivingDiningRoom-4271,train
LivingDiningRoom-535,train
LivingRoom-30147,train
LivingDiningRoom-60607,train
LivingDiningRoom-7363,train
LivingDiningRoom-70537,train
LivingDiningRoom-9028,train
LivingDiningRoom-15128,train
LivingRoom-3225,train
LivingRoom-11300,train
LivingDiningRoom-153716,train
LivingRoom-7106,train
LivingRoom-37001,train
LivingDiningRoom-69704,train
LivingDiningRoom-1315,train
LivingDiningRoom-124277,train
LivingDiningRoom-71691,train
LivingDiningRoom-35413,train
LivingDiningRoom-13574,train
LivingDiningRoom-6989,train
LivingRoom-50363,train
LivingDiningRoom-1538,train
LivingDiningRoom-10362,train
LivingDiningRoom-8968,train
LivingDiningRoom-15409,train
LivingDiningRoom-2393,train
LivingDiningRoom-15419,train
LivingDiningRoom-19612,train
LivingDiningRoom-32202,train
LivingDiningRoom-45017,train
LivingDiningRoom-3910,train
LivingRoom-18042,train
LivingDiningRoom-134680,train
LivingRoom-7470,train
LivingDiningRoom-13635,train
LivingDiningRoom-2502,train
LivingDiningRoom-7812,train
LivingDiningRoom-10026,train
LivingRoom-12071,train
LivingRoom-72876,train
LivingDiningRoom-15790,train
LivingDiningRoom-554,train
LivingDiningRoom-838,train
LivingRoom-12271,train
LivingRoom-472,train
LivingRoom-16371,train
LivingDiningRoom-26816,train
LivingDiningRoom-4241,train
LivingRoom-4460,train
LivingRoom-3797,train
LivingRoom-5067,train
LivingDiningRoom-25022,train
LivingDiningRoom-3064,train
LivingDiningRoom-33482,train
LivingDiningRoom-22877,train
LivingDiningRoom-5082,train
LivingDiningRoom-451,train
LivingDiningRoom-982,train
LivingDiningRoom-220,train
LivingDiningRoom-7013,train
LivingDiningRoom-2676,train
LivingDiningRoom-7430,train
LivingRoom-48845,train
LivingDiningRoom-734,train
LivingDiningRoom-12532,train
LivingDiningRoom-2476,train
LivingDiningRoom-41538,train
LivingDiningRoom-2959,train
LivingRoom-26823,train
LivingDiningRoom-54384,train
LivingDiningRoom-19322,train
LivingDiningRoom-57947,train
LivingRoom-60895,train
LivingRoom-8582,train
LivingDiningRoom-26193,train
LivingRoom-3101,train
LivingDiningRoom-55450,train
LivingRoom-31397,train
LivingRoom-20386,train
LivingDiningRoom-8358,train
LivingDiningRoom-10921,train
LivingDiningRoom-58060,train
LivingDiningRoom-22433,train
LivingDiningRoom-17836,train
LivingDiningRoom-43974,train
LivingDiningRoom-9828,train
LivingDiningRoom-124538,train
LivingDiningRoom-55198,train
LivingRoom-27749,train
LivingDiningRoom-2964,train
LivingDiningRoom-6226,train
LivingRoom-17062,train
LivingDiningRoom-11904,train
LivingDiningRoom-81470,train
LivingDiningRoom-20531,train
LivingRoom-327,train
LivingRoom-13599,train
LivingRoom-2136,train
LivingDiningRoom-7862,train
LivingDiningRoom-69705,train
LivingRoom-423,train
LivingDiningRoom-7482,train
LivingDiningRoom-44684,train
LivingDiningRoom-13072,train
LivingDiningRoom-35029,train
LivingRoom-71071,train
LivingDiningRoom-48055,train
LivingRoom-14482,train
LivingDiningRoom-47268,train
LivingDiningRoom-9101,train
LivingDiningRoom-31684,train
LivingRoom-5614,train
LivingDiningRoom-553,train
LivingDiningRoom-7088,train
LivingDiningRoom-17558,train
LivingRoom-19435,train
LivingDiningRoom-2152,train
LivingRoom-88425,train
LivingDiningRoom-381,train
LivingDiningRoom-1592,train
LivingRoom-19334,train
LivingRoom-33692,train
LivingDiningRoom-22534,train
LivingDiningRoom-14085,train
LivingRoom-4892,train
LivingDiningRoom-33368,train
LivingRoom-4789,train
LivingDiningRoom-60587,train
LivingDiningRoom-3331,train
LivingRoom-1848,train
LivingDiningRoom-12325,train
LivingDiningRoom-13703,train
LivingRoom-34874,train
LivingRoom-539,train
LivingRoom-27357,train
LivingDiningRoom-5413,train
LivingRoom-33315,train
LivingDiningRoom-6787,train
LivingDiningRoom-20720,train
LivingDiningRoom-1037,train
LivingDiningRoom-5402,train
LivingRoom-27368,train
LivingRoom-10294,train
LivingDiningRoom-67883,train
LivingDiningRoom-22,train
LivingDiningRoom-1362,train
LivingRoom-52289,train
LivingDiningRoom-4131,train
LivingDiningRoom-3484,train
LivingDiningRoom-100199,train
LivingDiningRoom-28046,train
LivingDiningRoom-1050,train
LivingDiningRoom-23254,train
LivingDiningRoom-23474,train
LivingDiningRoom-33915,train
LivingRoom-22787,train
LivingDiningRoom-9746,train
LivingRoom-24046,train
LivingDiningRoom-56499,train
LivingDiningRoom-35758,train
LivingDiningRoom-22223,train
LivingDiningRoom-2715,train
LivingDiningRoom-11919,train
LivingDiningRoom-688137,train
LivingRoom-2159,train
LivingRoom-66954,train
LivingDiningRoom-42284,train
LivingDiningRoom-9254,train
LivingDiningRoom-4693,train
LivingDiningRoom-44165,train
LivingDiningRoom-23611,train
LivingDiningRoom-2241,train
LivingDiningRoom-41360,train
LivingDiningRoom-32204,train
LivingRoom-35250,train
LivingDiningRoom-11510,train
LivingRoom-5361,train
LivingDiningRoom-77193,train
LivingDiningRoom-16528,train
LivingDiningRoom-144474,train
LivingDiningRoom-44342,train
LivingRoom-276933,train
LivingDiningRoom-13962,train
LivingDiningRoom-997,train
LivingDiningRoom-79250,train
LivingDiningRoom-17385,train
LivingDiningRoom-15322,train
LivingDiningRoom-163563,train
LivingDiningRoom-209282,train
LivingDiningRoom-25117,train
LivingRoom-1253,train
LivingRoom-1353,train
LivingDiningRoom-23262,train
LivingDiningRoom-12619,train
LivingDiningRoom-27430,train
LivingDiningRoom-2829,train
LivingRoom-39213,train
LivingDiningRoom-66938,train
LivingDiningRoom-61629,train
LivingDiningRoom-64294,train
LivingDiningRoom-5677,train
LivingDiningRoom-18089,train
LivingDiningRoom-14618,train
LivingDiningRoom-27324,train
LivingDiningRoom-45270,train
LivingDiningRoom-7730,train
LivingDiningRoom-248,train
LivingRoom-38434,train
LivingRoom-21328,train
LivingDiningRoom-1307,train
LivingDiningRoom-32392,train
LivingRoom-19382,train
LivingRoom-2933,train
LivingDiningRoom-19103,train
LivingRoom-68491,train
LivingRoom-288,train
LivingDiningRoom-968,train
LivingDiningRoom-14873,train
LivingDiningRoom-21832,train
LivingDiningRoom-14337,train
LivingDiningRoom-5987,train
LivingRoom-27249,train
LivingDiningRoom-13620,train
LivingDiningRoom-16099,train
LivingRoom-17951,train
LivingRoom-43791,train
LivingRoom-23405,train
LivingDiningRoom-3376,train
LivingRoom-38688,train
LivingDiningRoom-223767,train
LivingDiningRoom-15906,train
LivingDiningRoom-19339,train
LivingDiningRoom-19248,train
LivingDiningRoom-8843,train
LivingRoom-791,train
LivingRoom-51999,train
LivingRoom-35924,train
LivingRoom-51171,train
LivingDiningRoom-18728,train
LivingDiningRoom-15199,train
LivingDiningRoom-65030,train
LivingDiningRoom-19784,train
LivingDiningRoom-2122,train
LivingDiningRoom-1407,train
LivingDiningRoom-27185,train
LivingDiningRoom-476,train
LivingDiningRoom-1276,train
LivingDiningRoom-5684,train
LivingDiningRoom-527,train
LivingDiningRoom-85532,train
LivingDiningRoom-2439,train
LivingDiningRoom-20064,train
LivingDiningRoom-12211,train
LivingDiningRoom-452,train
LivingDiningRoom-3354,train
LivingRoom-105598,train
LivingDiningRoom-48663,train
LivingDiningRoom-109935,train
LivingRoom-34140,train
LivingDiningRoom-23833,train
LivingDiningRoom-70212,train
LivingDiningRoom-35319,train
LivingDiningRoom-68606,train
LivingDiningRoom-7940,train
LivingDiningRoom-1344,train
LivingRoom-67073,train
LivingRoom-1259,train
LivingDiningRoom-15768,train
LivingDiningRoom-15465,train
LivingRoom-1598,train
LivingDiningRoom-233,train
LivingDiningRoom-43160,train
LivingRoom-3698,train
LivingDiningRoom-72973,train
LivingDiningRoom-998,train
LivingDiningRoom-34204,train
LivingDiningRoom-48904,train
LivingDiningRoom-114074,train
LivingDiningRoom-1711,train
LivingDiningRoom-10768,train
LivingDiningRoom-12401,train
LivingRoom-211,train
LivingDiningRoom-37317,train
LivingRoom-33359,train
LivingDiningRoom-68763,train
LivingDiningRoom-17672,train
LivingDiningRoom-56789,train
LivingDiningRoom-643,train
LivingDiningRoom-4574,train
LivingRoom-52044,train
LivingDiningRoom-74263,train
LivingDiningRoom-4850,train
LivingDiningRoom-8049,train
LivingDiningRoom-62731,train
LivingRoom-1520,train
LivingDiningRoom-8304,train
LivingDiningRoom-18186,train
LivingDiningRoom-1560,train
LivingRoom-178450,train
LivingDiningRoom-8718,train
LivingDiningRoom-77047,train
LivingDiningRoom-63837,train
LivingDiningRoom-45341,train
LivingDiningRoom-6835,train
LivingRoom-43669,train
LivingRoom-40975,train
LivingDiningRoom-45001,train
LivingDiningRoom-3428,train
LivingDiningRoom-1431,train
LivingDiningRoom-35273,val
LivingDiningRoom-140205,val
LivingRoom-41316,val
LivingDiningRoom-98328,val
LivingDiningRoom-11325,val
LivingDiningRoom-29182,val
LivingDiningRoom-142185,val
LivingDiningRoom-3831,val
LivingDiningRoom-277579,val
LivingDiningRoom-44451,val
LivingRoom-73779,val
LivingDiningRoom-58272,val
LivingRoom-76893,val
LivingRoom-360,val
LivingDiningRoom-6844,val
LivingRoom-83039,val
LivingRoom-3204,val
LivingDiningRoom-1320,val
LivingDiningRoom-8606,val
LivingDiningRoom-3016,val
LivingDiningRoom-24470,val
LivingDiningRoom-8714,val
LivingDiningRoom-26523,val
LivingDiningRoom-13451,val
LivingDiningRoom-25142,val
LivingDiningRoom-3513,val
LivingRoom-38326,val
LivingRoom-30098,val
LivingRoom-46694,val
LivingDiningRoom-46222,val
LivingDiningRoom-9195,val
LivingDiningRoom-201,val
LivingDiningRoom-507,val
LivingDiningRoom-174,val
LivingDiningRoom-14006,val
LivingRoom-6982,val
LivingDiningRoom-10068,val
LivingRoom-11103,val
LivingDiningRoom-266531,val
LivingRoom-12895,val
LivingRoom-41466,val
LivingDiningRoom-79295,val
LivingDiningRoom-27857,val
LivingRoom-13666,val
LivingDiningRoom-3715,val
LivingRoom-100708,val
LivingRoom-20470,val
LivingDiningRoom-28708,val
LivingDiningRoom-15529,val
LivingRoom-3792,val
LivingDiningRoom-25199,val
LivingDiningRoom-13989,val
LivingDiningRoom-7999,val
LivingDiningRoom-16314,val
LivingDiningRoom-9530,val
LivingDiningRoom-65070,val
LivingDiningRoom-25714,val
LivingRoom-415,val
LivingDiningRoom-21662,val
LivingDiningRoom-10339,val
LivingDiningRoom-12009,val
LivingDiningRoom-2316,val
LivingDiningRoom-20425,val
LivingDiningRoom-53598,val
LivingDiningRoom-11217,val
LivingDiningRoom-86944,val
LivingRoom-20330,val
LivingRoom-14,val
LivingDiningRoom-7050,val
LivingRoom-97039,val
LivingDiningRoom-3480,val
LivingDiningRoom-76810,val
LivingDiningRoom-136845,val
LivingRoom-23725,val
LivingRoom-3890,val
LivingDiningRoom-19390,val
LivingDiningRoom-5405,val
LivingDiningRoom-4487,val
LivingRoom-40812,val
LivingDiningRoom-18273,val
LivingRoom-42021,val
LivingDiningRoom-173006,val
LivingDiningRoom-75271,val
LivingDiningRoom-34577,val
LivingDiningRoom-46892,val
LivingDiningRoom-8799,val
LivingDiningRoom-113,val
LivingDiningRoom-60592,val
LivingRoom-8496,val
LivingDiningRoom-99518,val
LivingDiningRoom-60128,val
LivingDiningRoom-13536,val
LivingDiningRoom-2636,val
LivingDiningRoom-46747,val
LivingDiningRoom-16828,val
LivingDiningRoom-5956,val
LivingDiningRoom-22470,val
LivingDiningRoom-87287,val
LivingDiningRoom-961,test
LivingDiningRoom-152170,test
LivingDiningRoom-50574,test
LivingDiningRoom-62089,test
LivingDiningRoom-6220,test
LivingRoom-7404,test
LivingDiningRoom-43900,test
LivingDiningRoom-10681,test
LivingDiningRoom-34420,test
LivingDiningRoom-54045,test
LivingRoom-33448,test
LivingDiningRoom-58036,test
LivingRoom-2050,test
LivingDiningRoom-118815,test
LivingDiningRoom-56654,test
LivingDiningRoom-25291,test
LivingRoom-7179,test
LivingRoom-30957,test
LivingDiningRoom-108064,test
LivingRoom-69328,test
LivingDiningRoom-16059,test
LivingDiningRoom-21234,test
LivingDiningRoom-9272,test
LivingDiningRoom-131317,test
LivingDiningRoom-14432,test
LivingDiningRoom-74474,test
LivingDiningRoom-1654,test
LivingDiningRoom-19698,test
LivingDiningRoom-3542,test
LivingDiningRoom-4294,test
LivingDiningRoom-6920,test
LivingDiningRoom-14508,test
LivingDiningRoom-11033,test
LivingRoom-2668,test
LivingDiningRoom-57414,test
LivingDiningRoom-25741,test
LivingRoom-617,test
LivingRoom-27723,test
LivingRoom-4169,test
LivingDiningRoom-36077,test
LivingDiningRoom-1851,test
LivingDiningRoom-13186,test
LivingDiningRoom-199924,test
LivingDiningRoom-13439,test
LivingDiningRoom-34192,test
LivingRoom-2294,test
LivingRoom-21437,test
LivingDiningRoom-276836,test
LivingRoom-28128,test
LivingDiningRoom-137504,test
LivingDiningRoom-326,test
LivingRoom-5110,test
LivingDiningRoom-176519,test
LivingDiningRoom-15286,test
LivingDiningRoom-12564,test
LivingRoom-41606,test
LivingDiningRoom-3999,test
LivingRoom-1566,test
LivingDiningRoom-2296,test
LivingDiningRoom-11362,test
LivingRoom-2549493,test
LivingDiningRoom-20192,test
LivingDiningRoom-52144,test
LivingDiningRoom-128962,test
LivingDiningRoom-18908,test
LivingDiningRoom-8271,test
LivingDiningRoom-9790,test
LivingRoom-18071,test
LivingDiningRoom-6079,test
LivingRoom-29294,test
LivingRoom-22976,test
LivingDiningRoom-9995,test
LivingDiningRoom-42072,test
LivingRoom-9939,test
LivingDiningRoom-2065,test
LivingDiningRoom-19931,test
LivingDiningRoom-880,test
LivingDiningRoom-103650,test
LivingDiningRoom-2954,test
LivingRoom-45612,test
LivingRoom-5228,test
LivingRoom-2873,test
LivingRoom-10453,test
LivingDiningRoom-3209,test
LivingDiningRoom-814,test
LivingDiningRoom-186,test
LivingDiningRoom-112491,test
LivingDiningRoom-19646,test
LivingRoom-77421,test
LivingDiningRoom-25795,test
LivingDiningRoom-1173,test
LivingDiningRoom-2729,test
LivingRoom-3540,test
LivingDiningRoom-15610,test
LivingDiningRoom-3811,test
LivingDiningRoom-941,test
LivingDiningRoom-14573,test
LivingRoom-10766,test
LivingRoom-8674,test
LivingRoom-55,test
LivingRoom-860,test
LivingRoom-117225,test
LivingDiningRoom-4027,test
LivingDiningRoom-14452,test
LivingDiningRoom-49915,test
LivingDiningRoom-2943,test
LivingDiningRoom-12191,test
LivingRoom-6492,test
LivingDiningRoom-1123,test
LivingDiningRoom-17496,test
LivingDiningRoom-14241,test
LivingDiningRoom-9373,test
LivingDiningRoom-5343,test
LivingDiningRoom-20668,test
LivingDiningRoom-58229,test
LivingDiningRoom-17615,test
LivingDiningRoom-5401,test
LivingRoom-13965,test
LivingDiningRoom-27164,test
LivingDiningRoom-13633,test
LivingRoom-16096,test
LivingDiningRoom-4682,test
LivingDiningRoom-68183,test
LivingRoom-67001,test
LivingDiningRoom-25101,test
LivingRoom-5469,test
LivingDiningRoom-2456,test
LivingRoom-2328,test
LivingDiningRoom-41418,test
LivingDiningRoom-68668,test
LivingDiningRoom-99937,test
LivingDiningRoom-8095,test
LivingDiningRoom-9942,test
LivingDiningRoom-31431,test
LivingDiningRoom-86,test
LivingRoom-582,test
LivingDiningRoom-1354,test
LivingDiningRoom-16730,test
LivingRoom-304,test
LivingRoom-13248,test
LivingDiningRoom-13177,test
LivingDiningRoom-3025,test
LivingDiningRoom-480028,test
LivingRoom-52940,test
LivingDiningRoom-1196,test
LivingRoom-214380,test
LivingDiningRoom-88963,test
LivingDiningRoom-2486,test
LivingDiningRoom-2447,test
LivingDiningRoom-128466,test
LivingRoom-1698,test
LivingDiningRoom-4696,test
LivingDiningRoom-17107,test
LivingDiningRoom-6109,test
LivingDiningRoom-2575,test
LivingDiningRoom-460,test
LivingDiningRoom-45334,test
LivingRoom-28161,test
LivingDiningRoom-23177,test
LivingDiningRoom-8678,test
LivingDiningRoom-3876,test
LivingDiningRoom-2583,test
LivingDiningRoom-47787,test
LivingRoom-41411,test
LivingDiningRoom-26031,test
LivingDiningRoom-54190,test
LivingRoom-611,test
LivingDiningRoom-629,test
LivingDiningRoom-17657,test
LivingDiningRoom-20097,test
LivingDiningRoom-20428,test
LivingDiningRoom-1744,test
LivingDiningRoom-7249,test
LivingDiningRoom-4285,test
LivingDiningRoom-5117,test
LivingDiningRoom-6689,test
LivingDiningRoom-22011,test
LivingDiningRoom-7096,test
LivingDiningRoom-16155,test
LivingDiningRoom-1520,test
LivingDiningRoom-2106,test
LivingDiningRoom-5442,test
LivingDiningRoom-91111,test
LivingRoom-409,test
LivingRoom-54780,test
LivingDiningRoom-61187,test
LivingRoom-41893,test
LivingRoom-32091,test
LivingDiningRoom-11555,test
LivingDiningRoom-84890,test
LivingRoom-48562,test
LivingDiningRoom-79595,test
LivingDiningRoom-14772,test
LivingRoom-13611,test
LivingDiningRoom-35729,test
LivingDiningRoom-17088,test
LivingDiningRoom-15471,test
LivingDiningRoom-226690,test
LivingDiningRoom-9939,test
